common,preferred,issuer,window_start,window_end,cs_c,cs_p,is_c_low,is_c_high,is_c_mid,is_p_low,is_p_high,is_p_mid,mis_c,mis_p,ils_c,ils_p,leader
BANE,BANEP,Bashneft,2014-11-24,2016-11-21,1.264058993059256,-0.2640589930592562,0.7240966906778014,0.9721425816533649,0.8481196361655832,0.02785741834663496,0.27590330932219864,0.1518803638344168,0.9676650595641737,0.03233494043582636,0.5764057336780138,0.4235942663219861,common
BANE,BANEP,Bashneft,2017-05-24,2019-05-14,2.677781957712433,-1.6777819577124327,0.683198530579861,0.924854262940774,0.8040263967603175,0.07514573705922621,0.31680146942013926,0.19597360323968274,0.8160583585614047,0.18394164143859523,0.8685583706997904,0.13144162930020964,common
BANE,BANEP,Bashneft,2018-05-21,2020-05-12,-0.2879446866434856,1.2879446866434856,0.02924865364617269,0.3259179863821168,0.17758332001414473,0.6740820136178832,0.970751346353827,0.8224166799858551,0.04078236139412371,0.9592176386058763,0.48262064908421737,0.5173793509157827,preferred
BANE,BANEP,Bashneft,2018-11-13,2020-11-09,-0.20493290237834091,1.2049329023783408,0.012575524904249877,0.5144221271940782,0.263498826049164,0.48557787280592174,0.9874244750957504,0.736501173950836,0.1051035605312835,0.8948964394687164,0.8156680479843038,0.1843319520156962,common
BANE,BANEP,Bashneft,2019-05-15,2021-05-10,-0.11414966237371131,1.1141496623737113,0.004382394066523614,0.5899577315085016,0.2971700627875126,0.4100422684914983,0.9956176059334765,0.7028299372124873,0.15676965385156,0.84323034614844,0.9445408349320451,0.055459165067954994,common
BANE,BANEP,Bashneft,2019-11-08,2021-11-01,0.19859406691162135,0.8014059330883786,0.01868210018248998,0.690487468612139,0.3545847843973145,0.3095125313878609,0.9813178998175099,0.6454152156026854,0.27949392936636513,0.7205060706336349,0.8309417979519288,0.16905820204807112,common
BANE,BANEP,Bashneft,2020-05-13,2022-06-02,0.26228546079798354,0.7377145392020165,0.012690306132946331,0.7278104710625477,0.370250388597747,0.27218952893745235,0.9873096938670537,0.629749611402253,0.18809449419446878,0.8119055058055312,0.7322290434959463,0.2677709565040537,common
BANE,BANEP,Bashneft,2020-11-10,2022-11-28,0.1325693954755827,0.8674306045244172,0.003304015080294011,0.6648378878713747,0.3340709514758343,0.3351621121286255,0.996695984919706,0.6659290485241658,0.15434696930451602,0.845653030695484,0.9150720122698143,0.08492798773018573,common
BANE,BANEP,Bashneft,2021-05-11,2023-05-29,-1.331041730158066,2.331041730158066,0.10201431636402614,0.2944465928181871,0.1982304545911066,0.705553407181813,0.897985683635974,0.8017695454088936,0.000774401472162843,0.9992255985278372,0.15788161022256678,0.8421183897774333,preferred
BANE,BANEP,Bashneft,2021-11-02,2023-11-21,-0.7708484465457783,1.770848446545778,0.053869610944573924,0.39298184296838823,0.22342572695648108,0.6070181570316122,0.9461303890554262,0.7765742730435192,0.016811490802471,0.983188509197529,0.3040296240744723,0.6959703759255278,preferred
BANE,BANEP,Bashneft,2022-06-03,2024-05-21,-1.7027514556346999,2.7027514556347,0.03142696855680163,0.37817573401394,0.2048013512853708,0.6218242659860598,0.9685730314431986,0.7951986487146292,0.05831336338841193,0.941686636611588,0.14318884338666232,0.8568111566133376,preferred
BSPB,BSPBP,Bank Saint Petersburg,2021-04-19,2023-05-11,1.117615030435425,-0.11761503043542526,0.9305617707827587,0.9871485357116414,0.9588551532472,0.012851464288358847,0.0694382292172412,0.04114484675280002,0.9924265767493078,0.007573423250692205,0.8574428835375899,0.14255711646241004,common
VGSB,VGSBP,Volgogradenergosbyt,2006-09-08,2010-03-31,0.536809947376899,0.4631900526231009,0.33486229761592695,0.42873602560743423,0.3817991616116806,0.571263974392566,0.665137702384073,0.6182008383883195,0.3716526522074064,0.6283473477925936,0.22117180603313488,0.778828193966865,preferred
VGSB,VGSBP,Volgogradenergosbyt,2007-10-29,2010-11-11,0.49724757492907246,0.5027524250709274,0.2856393975160912,0.37921587900115017,0.33242763825862065,0.6207841209988498,0.714360602483909,0.6675723617413793,0.3228828132954107,0.6771171867045892,0.20222727768668708,0.7977727223133129,preferred
VGSB,VGSBP,Volgogradenergosbyt,2008-07-30,2011-06-29,0.3143939603709947,0.6856060396290053,0.08422725195103138,0.20419474708850907,0.14421099951977023,0.7958052529114911,0.9157727480489685,0.8557890004802298,0.12861861316947135,0.8713813868305287,0.11897422106442519,0.8810257789355748,preferred
VGSB,VGSBP,Volgogradenergosbyt,2009-07-08,2012-10-09,0.47690882996991607,0.5230911700300839,0.20896493001267752,0.6778990911555139,0.44343201058409576,0.3221009088444861,0.7910350699873225,0.5565679894159044,0.42041085250453686,0.5795891474954631,0.4329982171359518,0.5670017828640481,preferred
VGSB,VGSBP,Volgogradenergosbyt,2010-04-01,2014-07-02,0.6486643159225789,0.3513356840774211,0.4153476828024132,0.854769623817453,0.6350586533099332,0.14523037618254683,0.5846523171975868,0.36494134669006684,0.6419784577749891,0.358021542225011,0.4704382659040183,0.5295617340959817,preferred
VGSB,VGSBP,Volgogradenergosbyt,2010-11-13,2016-02-10,0.5029666041189351,0.49703339588106493,0.2710478371062077,0.6923041570939399,0.4816759971000738,0.3076958429060603,0.7289521628937925,0.5183240028999264,0.47148450610330295,0.5285154938966972,0.4575050594401586,0.5424949405598413,preferred
VGSB,VGSBP,Volgogradenergosbyt,2011-06-30,2016-09-22,0.49261721345510795,0.5073827865448921,0.25980334617562795,0.6717499841728166,0.4657766651742223,0.3282500158271834,0.740196653824372,0.5342233348257777,0.45301254693651677,0.5469874530634833,0.44641930942673025,0.5535806905732698,preferred
VGSB,VGSBP,Volgogradenergosbyt,2012-10-10,2017-09-19,0.4973773029133978,0.5026226970866021,0.2746148189017088,0.6493002610338822,0.4619575399677955,0.3506997389661178,0.7253851810982912,0.5380424600322045,0.4480978418293994,0.5519021581706006,0.4294863281231074,0.5705136718768926,preferred
VGSB,VGSBP,Volgogradenergosbyt,2014-07-03,2018-09-26,0.21986524090439888,0.7801347590956011,0.04446411547161076,0.3380996753565815,0.19128189541409613,0.6619003246434185,0.9555358845283892,0.8087181045859039,0.1573077980959928,0.8426922019040072,0.41326102274027043,0.5867389772597297,preferred
VGSB,VGSBP,Volgogradenergosbyt,2016-02-11,2019-05-21,0.8734367396009878,0.1265632603990123,0.42920278216588525,0.9897925414502323,0.7094976618080588,0.010207458549767814,0.5707972178341151,0.29050233819194143,0.7775404794277914,0.22245952057220866,0.11130343573413373,0.8886965642658663,preferred
VGSB,VGSBP,Volgogradenergosbyt,2016-09-23,2019-12-13,1.920780728916343,-0.920780728916343,0.7783010853726939,0.9187110954367714,0.8485060904047327,0.0812889045632287,0.22169891462730626,0.15149390959526748,0.9908985890342029,0.009101410965797129,0.8781828320033954,0.12181716799660468,common
VGSB,VGSBP,Volgogradenergosbyt,2017-09-20,2020-07-14,1.9849988175330313,-0.9849988175330314,0.7879666023462047,0.8751539192706971,0.8315602608084509,0.1248460807293029,0.2120333976537949,0.1684397391915489,0.9963439452786483,0.0036560547213516344,0.8571704848323057,0.14282951516769435,common
VGSB,VGSBP,Volgogradenergosbyt,2019-12-16,2022-01-10,0.4267971146974952,0.5732028853025047,0.0763514166979502,0.8752523159707308,0.4758018663343405,0.1247476840292692,0.9236485833020499,0.5241981336656596,0.4719030409706578,0.5280969590293422,0.5977564199294308,0.4022435800705692,common
VGSB,VGSBP,Volgogradenergosbyt,2020-07-15,2022-08-24,-0.7563885170478503,1.7563885170478502,0.1289660291444408,0.2613376087785253,0.19515181896148304,0.738662391221475,0.8710339708555594,0.8048481810385173,0.00596478337631501,0.994035216623685,0.24070248587406484,0.7592975141259352,preferred
VGSB,VGSBP,Volgogradenergosbyt,2021-01-12,2023-02-20,-0.8996389728157027,1.8996389728157028,0.13584433814093502,0.22686035653892558,0.1813523473399303,0.7731396434610744,0.8641556618590647,0.8186476526600696,0.0009622466071373358,0.9990377533928627,0.17952444301160894,0.820475556988391,preferred
VSYD,VSYDP,Vyborg Shipyard,2012-10-09,2020-06-10,1.5887812587778751,-0.5887812587778751,0.7484922712688409,0.9969269723389916,0.8727096218039163,0.0030730276610082563,0.25150772873115923,0.12729037819608374,0.9367116291407966,0.06328837085920336,0.865870359789174,0.13412964021082593,common
VSYD,VSYDP,Vyborg Shipyard,2018-03-26,2020-12-17,0.7397467390544223,0.2602532609455776,0.322295960937429,0.9656178098856877,0.6439568854115584,0.034382190114312414,0.677704039062571,0.35604311458844173,0.7164801498542084,0.28351985014579173,0.2881993611741595,0.7118006388258405,preferred
VSYD,VSYDP,Vyborg Shipyard,2019-03-15,2021-06-17,1.0894876823828272,-0.08948768238282735,0.5497940664789612,0.9956297125634102,0.7727118895211857,0.0043702874365895645,0.4502059335210387,0.22728811047881414,0.8810991538311349,0.11890084616886515,0.07233597503754556,0.9276640249624544,preferred
VSYD,VSYDP,Vyborg Shipyard,2019-12-04,2021-12-23,0.4953288071127238,0.5046711928872762,0.10803411523318561,0.8816703159983175,0.49485221561575155,0.1183296840016824,0.8919658847668143,0.5051477843842483,0.4855223666344173,0.5144776333655827,0.49904672618143603,0.500953273818564,preferred
VSYD,VSYDP,Vyborg Shipyard,2020-06-11,2022-09-05,0.42917249212233405,0.5708275078776659,0.16907900295538963,0.7715616189163063,0.4703203109358479,0.2284383810836937,0.8309209970446103,0.529679689064152,0.48534204884804616,0.5146579511519539,0.5824257508973142,0.41757424910268587,common
VSYD,VSYDP,Vyborg Shipyard,2020-12-18,2023-03-03,0.6317727315737157,0.36822726842628434,0.2698636100760568,0.9260992421702483,0.5979814261231525,0.07390075782975186,0.7301363899239434,0.4020185738768476,0.6540811002375937,0.34591889976240614,0.4290970774686266,0.5709029225313735,preferred
VSYD,VSYDP,Vyborg Shipyard,2021-06-18,2023-08-31,0.47486374467449677,0.5251362553255033,0.1274663742474337,0.8892861557180137,0.5083762649827237,0.11071384428198608,0.8725336257525663,0.4916237350172762,0.5522938862808991,0.4477061137191009,0.566669640260168,0.4333303597398319,common
VSYD,VSYDP,Vyborg Shipyard,2021-12-24,2024-02-27,0.2680630044730943,0.7319369955269057,0.035536852768274896,0.7965094283859502,0.41602314057711254,0.2034905716140497,0.964463147231725,0.5839768594228874,0.39398362997606357,0.6060163700239364,0.7909570349073631,0.2090429650926369,common
GAZA,GAZAP,GAZ,2011-12-28,2016-10-24,0.7279284066775499,0.27207159332245,0.6919052970610782,0.8425371559946648,0.7672212265278715,0.15746284400533517,0.30809470293892177,0.23277877347212847,0.7623462087809368,0.23765379121906327,0.6027887143049251,0.39721128569507475,common
GAZA,GAZAP,GAZ,2012-11-09,2017-06-23,0.787469768472828,0.2125302315271719,0.7807148128838576,0.9086934463300798,0.8447041296069686,0.0913065536699202,0.21928518711614253,0.15529587039303136,0.8427087956912916,0.15729120430870835,0.6830506638329575,0.31694933616704246,common
GAZA,GAZAP,GAZ,2014-10-13,2018-05-14,0.9826680203026313,0.017331979697368747,0.9849979944262499,0.9993578033451888,0.9921778988857193,0.0006421966548114443,0.015002005573749899,0.007822101114280671,0.9931291013934667,0.006870898606533265,0.8334755779780049,0.16652442202199502,common
GAZA,GAZAP,GAZ,2015-12-28,2018-11-07,1.1436064089851783,-0.14360640898517826,0.9719601706370493,0.9998868606471453,0.9859235156420973,0.00011313935285459098,0.028039829362950453,0.014076484357902522,0.9956522997432042,0.004347700256795758,0.9872376926798032,0.012762307320196734,common
GAZA,GAZAP,GAZ,2016-10-25,2019-05-17,1.080291856975859,-0.08029185697585901,0.9581898803672191,0.9940493803372591,0.976119630352239,0.005950619662741046,0.041810119632781195,0.02388036964776112,0.995311528458201,0.004688471541798978,0.9022448576815636,0.09775514231843631,common
GAZA,GAZAP,GAZ,2017-06-26,2019-11-25,1.5036930286022447,-0.5036930286022447,0.8640196432539194,0.9955066809789397,0.9297631621164295,0.004493319021060351,0.1359803567460807,0.07023683788357052,0.954614333308862,0.04538566669113798,0.9516020365555447,0.04839796344445542,common
GAZA,GAZAP,GAZ,2018-05-15,2020-05-29,0.9318598396200876,0.06814016037991236,0.7055357331619044,0.9955421099940565,0.8505389215779804,0.004457890005943551,0.29446426683809557,0.14946107842201956,0.8943812730655443,0.1056187269344558,0.14759836524669848,0.8524016347533014,preferred
GAZA,GAZAP,GAZ,2019-05-20,2021-05-27,0.23082586277261322,0.7691741372273868,0.04182448335642935,0.6189083319056797,0.3303664076310545,0.38109166809432027,0.9581755166435704,0.6696335923689454,0.2945935386264557,0.7054064613735443,0.7299267498522095,0.2700732501477906,common
GAZA,GAZAP,GAZ,2020-06-01,2022-06-22,0.22152573747364804,0.7784742625263521,0.024412045159834465,0.5466736461219943,0.28554284564091437,0.4533263538780056,0.9755879548401653,0.7144571543590854,0.19617416621500194,0.803825833784998,0.6635896850095497,0.3364103149904502,common
GAZA,GAZAP,GAZ,2020-11-27,2022-12-15,0.06665931645162344,0.9333406835483765,0.00193982136800554,0.43978018016386217,0.22086000076593384,0.5602198198361378,0.9980601786319944,0.7791399992340661,0.11780704098958078,0.8821929590104192,0.9403090104594631,0.05969098954053681,common
IGST,IGSTP,Izhstal,2012-01-04,2018-09-26,1.4147803102741576,-0.41478031027415757,0.934078822404353,0.9852259915854791,0.959652406994916,0.014774008414520938,0.0659211775956466,0.04034759300508377,0.9934567180813925,0.00654328191860754,0.9798484703611311,0.020151529638868907,common
IGST,IGSTP,Izhstal,2016-02-11,2019-07-18,2.9567059402957985,-1.9567059402957985,0.6072141652269347,0.9997955821515092,0.803504873689222,0.00020441784849104227,0.39278583477306556,0.1964951263107783,0.8879623957990064,0.11203760420099364,0.8798557105814381,0.12014428941856194,common
IGST,IGSTP,Izhstal,2017-09-19,2020-08-05,-0.4236102050443592,1.423610205044359,0.06125260643930186,0.3178973373978282,0.18957497191856504,0.6821026626021718,0.9387473935606983,0.810425028081435,0.030675437277575664,0.9693245627224244,0.38195150278051593,0.6180484972194841,preferred
IGST,IGSTP,Izhstal,2018-10-05,2021-02-02,-4.11341367178383,5.11341367178383,0.0022679134186313838,0.6459087955895566,0.324088354504094,0.3540912044104428,0.9977320865813687,0.6759116454959058,0.22190697510072088,0.778093024899279,0.26214211460013703,0.737857885399863,preferred
IGST,IGSTP,Izhstal,2020-08-06,2022-08-24,-0.023647457389678533,1.0236474573896786,0.00023253333193936195,0.6177088476247742,0.3089706904783568,0.38229115237522593,0.9997674666680607,0.6910293095216433,0.19762680959754345,0.8023731904024565,0.9973376285150101,0.0026623714849898345,common
IGST,IGSTP,Izhstal,2021-02-03,2023-02-17,0.23957089830567896,0.760429101694321,0.022857387053363404,0.7882296930209323,0.4055435400371478,0.2117703069790677,0.9771426129466367,0.5944564599628522,0.34979447153132304,0.650205528468677,0.8242235097177425,0.17577649028225745,common
IGST,IGSTP,Izhstal,2021-07-30,2023-08-18,0.5897196702318798,0.4102803297681203,0.14367939747107333,0.9401256594364656,0.5419025284537695,0.05987434056353442,0.8563206025289265,0.4580974715462305,0.5891848702182956,0.4108151297817044,0.40381240959147113,0.5961875904085288,preferred
KZOS,KZOSP,Kazanorgsintez,2012-03-01,2015-03-02,1.8026915397065815,-0.8026915397065815,0.869732380452499,0.9927195374934098,0.9312259589729543,0.007280462506590019,0.13026761954750127,0.06877404102704564,0.9425544830907483,0.057445516909251794,0.9732269088176206,0.02677309118237943,common
KZOS,KZOSP,Kazanorgsintez,2014-05-26,2016-11-11,-2.9296764522839447,3.9296764522839447,0.251677881547747,0.4910856298256927,0.3713817556867198,0.5089143701743072,0.7483221184522529,0.6286182443132801,0.3621828590121289,0.6378171409878711,0.3857394515461904,0.6142605484538095,preferred
KZOS,KZOSP,Kazanorgsintez,2017-12-13,2019-12-04,0.7425703491841303,0.25742965081586966,0.4108447961312982,0.47852858387153346,0.4446866900014158,0.5214714161284666,0.5891552038687019,0.5553133099985843,0.42666357800001037,0.5733364219999896,0.0715535037380117,0.9284464962619883,preferred
KZOS,KZOSP,Kazanorgsintez,2020-12-07,2022-12-23,1.0236915088123635,-0.023691508812363427,0.6494825276749987,0.9989368658894227,0.8242096967822107,0.0010631341105772933,0.35051747232500124,0.17579030321778927,0.8523414026499291,0.14765859735007095,0.011637219587903397,0.9883627804120966,preferred
KRSB,KRSBP,Krasnoyarskenergosbyt,2008-10-28,2012-03-19,0.5613094180289464,0.43869058197105354,0.497105056908982,0.6692106381974301,0.583157847553206,0.3307893618025697,0.5028949430910178,0.41684215244679373,0.5825984645580224,0.4174015354419775,0.5445179603863617,0.4554820396136384,common
KRSB,KRSBP,Krasnoyarskenergosbyt,2009-11-23,2013-12-04,0.4102622512987983,0.5897377487012018,0.322959123234383,0.6068415249772994,0.4649003241058412,0.3931584750227004,0.677040876765617,0.5350996758941586,0.48246537348853336,0.5175346265114666,0.6093314037806746,0.3906685962193253,common
KRSB,KRSBP,Krasnoyarskenergosbyt,2010-07-06,2015-09-16,0.42630513904562756,0.5736948609543725,0.33526655738476335,0.6003457424830212,0.46780614993389225,0.3996542575169789,0.6647334426152365,0.5321938500661076,0.48067627651253575,0.5193237234874643,0.5832129451905208,0.4167870548094791,common
KRSB,KRSBP,Krasnoyarskenergosbyt,2011-02-08,2016-06-21,0.6278412517284766,0.37215874827152345,0.576143526616024,0.8625453531469494,0.7193444398814867,0.13745464685305067,0.4238564733839761,0.2806555601185134,0.7458613792854932,0.2541386207145069,0.6977255812356179,0.302274418764382,common
KRSB,KRSBP,Krasnoyarskenergosbyt,2012-03-20,2016-12-19,0.46966121336833205,0.530338786631668,0.3137677363142318,0.6682202118849144,0.4909939740995731,0.33177978811508546,0.6862322636857683,0.5090060259004269,0.498935071361669,0.501064928638331,0.542634423452932,0.45736557654706805,common
KRSB,KRSBP,Krasnoyarskenergosbyt,2013-12-06,2017-07-21,0.5061876782903056,0.49381232170969425,0.26681595938335995,0.7494058711635866,0.5081109152734733,0.2505941288364135,0.7331840406166403,0.4918890847265269,0.5101114426879255,0.4898885573120744,0.5038471893612095,0.4961528106387904,common
KRSB,KRSBP,Krasnoyarskenergosbyt,2015-09-21,2018-03-21,0.6274153711640816,0.37258462883591836,0.22828314922943035,0.9105212307792577,0.569402190004344,0.08947876922074233,0.7717168507705697,0.430597809995656,0.5860592343541778,0.41394076564582216,0.3814344534979625,0.6185655465020375,preferred
KRSB,KRSBP,Krasnoyarskenergosbyt,2016-06-22,2018-10-29,0.2611955365916624,0.7388044634083375,0.04786961649304576,0.5579006436917536,0.3028851300923997,0.4420993563082464,0.9521303835069543,0.6971148699076004,0.24728449571554145,0.7527155042844587,0.6016475888008371,0.3983524111991628,common
KRSB,KRSBP,Krasnoyarskenergosbyt,2016-12-20,2019-07-09,0.2443468448101881,0.7556531551898119,0.03733342109344328,0.5044923688211707,0.27091289495730697,0.49550763117882923,0.9626665789065568,0.729087105042693,0.20275991650438457,0.7972400834956155,0.569054803340014,0.43094519665998604,common
KRSB,KRSBP,Krasnoyarskenergosbyt,2017-07-25,2020-02-05,0.8592529337053566,0.1407470662946435,0.5685224213103879,0.9789067268495768,0.7737145740799823,0.021093273150423412,0.43147757868961234,0.22628542592001788,0.8069298206444425,0.1930701793555574,0.23877886377174085,0.7612211362282592,preferred
KRSB,KRSBP,Krasnoyarskenergosbyt,2018-03-22,2020-08-10,1.09703243058817,-0.09703243058817,0.5936692645984208,0.9940901896475977,0.7938797271230092,0.005909810352402055,0.40633073540157916,0.2061202728769906,0.8941251629664773,0.10587483703352266,0.1039866042460223,0.8960133957539776,preferred
KRSB,KRSBP,Krasnoyarskenergosbyt,2018-10-30,2021-02-05,1.2238603712386642,-0.22386037123866415,0.694841786777581,0.9716413985831736,0.8332415926803773,0.02835860141682619,0.3051582132224188,0.1667584073196225,0.9490470679445071,0.050952932055492874,0.4551382976315104,0.5448617023684896,preferred
KRSB,KRSBP,Krasnoyarskenergosbyt,2019-07-10,2021-08-03,0.9059386768080098,0.0940613231919902,0.32548361035654555,0.9967735879762933,0.6611285991664194,0.00322641202370645,0.6745163896434542,0.3388714008335803,0.7701242204409091,0.22987577955909086,0.03941507739372845,0.9605849226062716,preferred
KRSB,KRSBP,Krasnoyarskenergosbyt,2020-02-06,2022-01-28,0.7039538451455083,0.29604615485449176,0.24467918824770324,0.9614417613597538,0.6030604748037285,0.038558238640246024,0.7553208117522967,0.39693952519627135,0.6696093792486927,0.33039062075130743,0.2898880621159405,0.7101119378840595,preferred
KRSB,KRSBP,Krasnoyarskenergosbyt,2020-08-11,2022-08-29,0.08550466212471411,0.9144953378752858,0.0035205037512078467,0.7032573022754188,0.3533889030133133,0.29674269772458106,0.9964794962487918,0.6466110969866865,0.2871236689316267,0.7128763310683733,0.9715640000595847,0.02843599994041529,common
KRSB,KRSBP,Krasnoyarskenergosbyt,2021-02-08,2023-02-22,0.49532357602411836,0.5046764239758815,0.11355825206510062,0.9138415921593729,0.5136999221122367,0.08615840784062696,0.8864417479348993,0.48630007788776314,0.561923219935114,0.438076780064886,0.5366937370499495,0.46330626295005045,common
KRSB,KRSBP,Krasnoyarskenergosbyt,2021-08-04,2023-08-23,0.23153590249811104,0.7684640975018889,0.01963004930615077,0.8261048338159014,0.42286744156102607,0.17389516618409853,0.9803699506938495,0.577132558438974,0.38595061581173384,0.6140493841882663,0.8553620794049517,0.14463792059504824,common
KRSB,KRSBP,Krasnoyarskenergosbyt,2022-01-31,2024-02-16,0.12803312159438354,0.8719668784056164,0.005693379990316673,0.7875765371124961,0.3966349585514064,0.21242346288750405,0.9943066200096832,0.6033650414485936,0.3318668992078852,0.6681331007921146,0.9524797463830483,0.047520253616951745,common
KAZT,KAZTP,KuibyshevAzot,2011-12-14,2018-11-06,-2.3163497584846606,3.3163497584846606,0.1311401022536373,0.30329963143153593,0.2172198668425866,0.6967003685684641,0.8688598977463629,0.7827801331574135,0.21801520073155076,0.7819847992684491,0.13632682188984357,0.8636731781101564,preferred
KAZT,KAZTP,KuibyshevAzot,2014-11-27,2019-05-22,0.5131098502932622,0.4868901497067379,0.2747275761604385,0.7404793276593133,0.507603451909876,0.25952067234068665,0.7252724238395615,0.49239654809012406,0.5056299913961917,0.4943700086038083,0.48898414754157843,0.5110158524584215,preferred
KAZT,KAZTP,KuibyshevAzot,2016-06-22,2019-11-18,0.49256297613560013,0.5074370238643999,0.1980889790969488,0.7926163087522096,0.4953526439245792,0.20738369124779063,0.8019110209030514,0.504647356075421,0.49534433316879356,0.5046556668312066,0.505579933282,0.4944200667179999,common
KAZT,KAZTP,KuibyshevAzot,2017-05-26,2020-05-22,0.4494341900644879,0.5505658099355121,0.14516793832983854,0.7829412912452188,0.4640546147875287,0.2170587087547812,0.8548320616701615,0.5359453852124714,0.4535172179945325,0.5464827820054674,0.5294294670453825,0.47057053295461754,common
KAZT,KAZTP,KuibyshevAzot,2018-11-07,2020-11-20,0.42476522689175833,0.5752347731082417,0.11082550891295154,0.7712785687391519,0.4410520388260517,0.2287214312608481,0.8891744910870487,0.5589479611739484,0.40954089168743113,0.5904591083125689,0.5331254791946348,0.46687452080536523,common
KAZT,KAZTP,KuibyshevAzot,2019-05-23,2021-05-21,0.7972077594515952,0.20279224054840492,0.5228862147746351,0.9571810612112961,0.7400336379929656,0.04281893878870395,0.4771137852253649,0.25996636200703443,0.7683078445706454,0.23169215542935462,0.3439863021742019,0.6560136978257982,preferred
KAZT,KAZTP,KuibyshevAzot,2019-11-20,2021-11-15,0.7509998165982951,0.24900018340170493,0.2954554854367834,0.9701139660430149,0.6327847257398992,0.02988603395698485,0.7045445145632165,0.3672152742601007,0.7034524462545331,0.2965475537454668,0.24609671141363518,0.7539032885863648,preferred
KAZT,KAZTP,KuibyshevAzot,2020-05-25,2022-06-16,0.15952616683749749,0.8404738331625026,0.005373302073323056,0.8679920908846008,0.43668269647896196,0.13200790911539884,0.9946266979266768,0.5633173035210378,0.37147211096744126,0.6285278890325589,0.9434406674791563,0.05655933252084361,common
KAZT,KAZTP,KuibyshevAzot,2020-11-23,2022-12-09,0.05050413367263609,0.9494958663273638,0.0004863434604592406,0.8463248160779182,0.42340557976918874,0.15367518392208146,0.9995136565395404,0.5765944202308109,0.3310771243918111,0.668922875608189,0.9947805744445014,0.005219425555498688,common
KAZT,KAZTP,KuibyshevAzot,2021-05-24,2023-06-09,1.084881903500893,-0.08488190350089293,0.1760460214483665,0.9989750492973624,0.5875105353728645,0.0010249507026378422,0.8239539785516337,0.41248946462713576,0.7316040437736574,0.2683959562263426,0.012266221219644208,0.9877337787803558,preferred
KAZT,KAZTP,KuibyshevAzot,2021-11-16,2023-12-04,0.4011737680533558,0.5988262319466442,0.021585877277897937,0.9540160302089306,0.48780095374341426,0.04598396979106934,0.9784141227221023,0.5121990462565859,0.47342013217260964,0.5265798678273903,0.6689725745440285,0.3310274254559715,common
KAZT,KAZTP,KuibyshevAzot,2022-06-17,2024-06-03,1.0303579011868704,-0.030357901186870463,0.21927216310488762,0.9997955994865221,0.6095338812957048,0.0002044005134780752,0.7807278368951127,0.3904661187042954,0.7308222624204287,0.2691777375795713,0.0021109527941866935,0.9978890472058133,preferred
KGKC,KGKCP,Kurgan Generating Company,2012-10-29,2021-06-08,0.8194542805396008,0.1805457194603992,0.8494403567952084,0.9669880235260178,0.9082141901606131,0.033011976473982484,0.15055964320479118,0.09178580983938683,0.9211775186893228,0.07882248131067722,0.8261718926762073,0.1738281073237928,common
KGKC,KGKCP,Kurgan Generating Company,2019-12-02,2021-12-02,0.6211606502416863,0.37883934975831357,0.2902380733503723,0.8560847729268716,0.573161423138622,0.14391522707312832,0.7097619266496278,0.42683857686137805,0.567021471573784,0.43297852842621604,0.40144880729214794,0.5985511927078521,preferred
KGKC,KGKCP,Kurgan Generating Company,2020-06-11,2022-07-07,1.337452230071972,-0.33745223007197195,0.771720057535043,0.944348744199091,0.8580344008670671,0.05565125580090908,0.2282799424649572,0.14196559913293313,0.9799683217996417,0.020031678200358352,0.6992908525147958,0.3007091474852041,common
LNZL,LNZLP,Lenzoloto,2010-01-26,2012-03-11,1.4412160115088173,-0.44121601150881723,0.8869129583876324,0.9279289912661927,0.9074209748269125,0.07207100873380785,0.11308704161236782,0.09257902517308783,0.9994111222361507,0.0005888777638493746,0.9000402545629412,0.09995974543705882,common
LNZL,LNZLP,Lenzoloto,2011-03-16,2013-03-07,0.45228873258068425,0.5477112674193158,0.13440975595507262,0.8527394063099143,0.4935745811324935,0.14726059369008584,0.8655902440449277,0.5064254188675068,0.5215742917716654,0.4784257082283346,0.5821118545699181,0.4178881454300819,common
LNZL,LNZLP,Lenzoloto,2011-09-12,2013-09-06,2.025202039466198,-1.025202039466198,0.8240037402550332,0.8270568867148749,0.8255303134849541,0.17294311328512516,0.17599625974496697,0.17446968651504607,0.9995627688464891,0.00043723115351088163,0.8515728038622512,0.14842719613774882,common
LNZL,LNZLP,Lenzoloto,2012-03-12,2014-03-11,1.1122012671033417,-0.11220126710334165,0.5295983254342173,0.9949557403772225,0.7622770329057198,0.005044259622777405,0.47040167456578275,0.23772296709428006,0.8918593549039509,0.10814064509604915,0.09473053874588151,0.9052694612541186,preferred
LNZL,LNZLP,Lenzoloto,2012-09-04,2014-09-08,0.03596685680014811,0.9640331431998519,0.000755517474789952,0.4832170823151516,0.24198629989497078,0.5167829176848483,0.99924448252521,0.7580137001050291,0.15367358732209627,0.8463264126779038,0.9865258290263555,0.013474170973644345,common
LNZL,LNZLP,Lenzoloto,2013-03-11,2015-03-12,1.6111182290186141,-0.6111182290186142,0.8823538454446856,0.9143915412713381,0.8983726933580118,0.08560845872866213,0.11764615455531431,0.10162730664198821,0.9999599937042493,4.000629575074565e-05,0.9183216569625375,0.08167834303746245,common
LNZL,LNZLP,Lenzoloto,2015-03-13,2017-03-06,0.47744030959714046,0.5225596904028594,0.3598041858567226,0.6762662027070022,0.5180351942818624,0.32373379729299767,0.6401958141432772,0.48196480571813743,0.5306094286693335,0.4693905713306665,0.5805287457986859,0.41947125420131426,common
LNZL,LNZLP,Lenzoloto,2017-03-07,2019-03-05,0.32344243595591465,0.6765575640440853,0.10914102432556336,0.6080550120516054,0.3585980181885844,0.39194498794839483,0.8908589756744366,0.6414019818114157,0.3467338516386398,0.6532661483613603,0.5776378689795735,0.42236213102042663,common
LNZL,LNZLP,Lenzoloto,2019-03-06,2021-03-02,0.5822388740007575,0.41776112599924253,0.20536877776785512,0.9013594208517256,0.5533640993097904,0.09864057914827447,0.7946312222321451,0.4466359006902098,0.5821882406291445,0.4178117593708554,0.44142098268264623,0.5585790173173536,preferred
LNZL,LNZLP,Lenzoloto,2020-09-03,2022-09-21,0.1000116005666688,0.8999883994333312,0.0029789586100330695,0.7349226742527637,0.3689508164313984,0.2650773257472363,0.9970210413899673,0.6310491835686018,0.25537722101079274,0.7446227789892074,0.9651338536518139,0.034866146348186015,common
MTLR,MTLRP,Mechel,2012-10-09,2014-10-08,-1.521794639370281,2.521794639370281,0.042889810288430655,0.7711461546388879,0.4070179824636593,0.2288538453611118,0.9571101897115696,0.5929820175363407,0.27343855485231405,0.7265614451476858,0.5640333313666421,0.4359666686333578,common
MTLR,MTLRP,Mechel,2013-04-12,2015-04-10,-2.4058475262077303,3.4058475262077303,0.0001829999957363774,0.7215806237733802,0.36088181188455826,0.27841937622661994,0.9998170000042631,0.6391181881154415,0.20023337406528738,0.7997666259347127,0.3898614556461725,0.6101385443538275,preferred
MTLR,MTLRP,Mechel,2013-10-09,2015-10-08,-3.313328436436516,4.3133284364365165,0.017279302076588034,0.8336560047877595,0.42546765343217374,0.16634399521224127,0.9827206979234128,0.574532346567827,0.3102313079597538,0.6897686920402463,0.4817027424484206,0.5182972575515794,preferred
MTLR,MTLRP,Mechel,2014-04-11,2016-04-08,-4.887565827189448,5.887565827189448,0.01400395326622178,0.8237208128398559,0.4188623830530388,0.17627918716014412,0.9859960467337784,0.5811376169469613,0.3199487298567274,0.6800512701432726,0.42981797666424876,0.5701820233357513,preferred
MTLR,MTLRP,Mechel,2014-10-09,2016-10-06,-6.548535682639193,7.548535682639193,0.01478056308914253,0.7421320533345552,0.3784563082118489,0.25786794666544366,0.9852194369108567,0.6215436917881502,0.19549783895028403,0.804502161049716,0.3300438157499379,0.6699561842500621,preferred
MTLR,MTLRP,Mechel,2015-04-13,2017-04-05,-4.835707566118328,5.835707566118328,0.031116341412941333,0.8126369895482303,0.4218766654805858,0.18736301045176962,0.9688836585870587,0.5781233345194141,0.3420242996327907,0.6579757003672093,0.4367869776131186,0.5632130223868815,preferred
MTLR,MTLRP,Mechel,2015-10-09,2017-10-03,-5.719492433231693,6.719492433231693,0.047433915365160575,0.757558723456365,0.4024963194107628,0.24244127654363526,0.9525660846348395,0.5975036805892374,0.344625871722907,0.655374128277093,0.38511722469020004,0.6148827753098,preferred
MTLR,MTLRP,Mechel,2022-04-15,2024-04-05,1.3937714459402664,-0.3937714459402663,0.7890025940254513,0.9204291837382386,0.8547158888818449,0.07957081626176159,0.2109974059745486,0.1452841111181551,0.9858874165560112,0.01411258344398881,0.7342239159605395,0.26577608403946057,common
MGTS,MGTSP,MGTS,2003-01-29,2005-11-09,-0.5931140065649441,1.593114006564944,0.00036886455018250947,0.128627987002839,0.06449842577651076,0.8713720129971608,0.9996311354498175,0.9355015742234891,0.038031962026573184,0.9619680379734269,0.033157536198827144,0.9668424638011728,preferred
MGTS,MGTSP,MGTS,2006-05-18,2009-01-29,-0.5347361733017477,1.5347361733017477,0.09987327569944275,0.10278173440729425,0.1013275050533685,0.8972182655927061,0.9001267243005574,0.8986724949466318,5.700970640997273e-05,0.99994299029359,0.09479532476167091,0.9052046752383291,preferred
MGTS,MGTSP,MGTS,2006-12-07,2009-09-11,-0.2535395081057211,1.2535395081057212,0.03305693126386965,0.11667169529223467,0.07486431327805217,0.8833283047077654,0.9669430687361302,0.9251356867219478,0.0058898196055267036,0.9941101803944733,0.13798678935939626,0.8620132106406038,preferred
MGTS,MGTSP,MGTS,2007-07-18,2010-04-19,-0.032074242122853897,1.032074242122854,0.0006807468910186607,0.18215639005243806,0.09141856847172836,0.817843609947562,0.9993192531089815,0.9085814315282718,0.03892217843954618,0.9610778215604538,0.9129082639620761,0.08709173603792383,common
MGTS,MGTSP,MGTS,2008-03-05,2010-11-25,-0.03934910047330785,1.0393491004733078,0.0010581366197411869,0.17185839820342466,0.08645826741158293,0.8281416017965754,0.9989418633802585,0.913541732588417,0.03594128047016884,0.9640587195298311,0.8620496695590285,0.13795033044097155,common
MGTS,MGTSP,MGTS,2009-01-30,2011-07-18,0.3899742425859605,0.6100257574140395,0.24735513414073634,0.4590114005671244,0.35318326735393035,0.5409885994328755,0.7526448658592637,0.6468167326460696,0.3524373107581783,0.6475626892418218,0.4218189577397647,0.5781810422602353,preferred
MGTS,MGTSP,MGTS,2009-09-15,2012-05-28,0.37451806688014266,0.6254819331198573,0.27034271821439737,0.540842172702582,0.40559244545848966,0.459157827297418,0.7296572817856025,0.5944075545415103,0.41885272636460724,0.5811472736353926,0.5649637108530244,0.4350362891469756,common
MGTS,MGTSP,MGTS,2010-04-20,2014-05-22,0.21463711902078836,0.7853628809792116,0.08195437385711793,0.46800787138414507,0.2749811226206315,0.531992128615855,0.918045626142882,0.7250188773793684,0.28580506825409324,0.7141949317459069,0.658227140727711,0.341772859272289,common
MGTS,MGTSP,MGTS,2010-11-26,2015-09-07,0.20312684203384257,0.7968731579661574,0.08268227746119688,0.3764679724655626,0.22957512496337973,0.6235320275344374,0.9173177225388031,0.7704248750366203,0.23749170084238527,0.7625082991576148,0.5774480610953925,0.42255193890460746,common
MGTS,MGTSP,MGTS,2011-07-20,2016-08-26,0.38362108880103596,0.6163789111989642,0.21146756354452897,0.6913036859958771,0.45138562477020305,0.3086963140041227,0.7885324364554708,0.5486143752297967,0.4808023007592861,0.5191976992407138,0.6360511427881504,0.3639488572118497,common
MGTS,MGTSP,MGTS,2012-05-29,2017-03-09,0.4482261182855867,0.5517738817144132,0.2655235406030679,0.7548346117535699,0.5101790761783189,0.24516538824643005,0.7344764593969322,0.48982092382168113,0.5438258108434678,0.45617418915653213,0.6217834230037562,0.37821657699624367,common
MGTS,MGTSP,MGTS,2014-05-26,2017-09-25,0.43008124385263347,0.5699187561473665,0.19482686902003554,0.758618257143268,0.4767225630816518,0.24138174285673214,0.8051731309799643,0.5232774369183483,0.4986803156361566,0.5013196843638434,0.5930733580911948,0.4069266419088052,common
MGTS,MGTSP,MGTS,2015-09-11,2018-04-04,0.10251790440320573,0.8974820955967943,0.005848739513691396,0.6151975306589054,0.31052313508629836,0.3848024693410946,0.9941512604863084,0.6894768649137015,0.2347336806760397,0.7652663193239603,0.939560079891923,0.06043992010807702,common
MGTS,MGTSP,MGTS,2016-08-29,2018-10-15,0.19606635890930801,0.803933641090692,0.030223468766574894,0.628782758116846,0.32950311344171046,0.37121724188315397,0.969776531233425,0.6704968865582894,0.2963091595568522,0.7036908404431479,0.8023838523360117,0.1976161476639883,common
MGTS,MGTSP,MGTS,2017-03-10,2019-04-22,-0.18334762863426388,1.183347628634264,0.019309335659997966,0.36152984057908394,0.19041958811954096,0.638470159420916,0.9806906643400021,0.809580411880459,0.07462712649192094,0.9253728735080791,0.6973826693991348,0.302617330600865,common
MGTS,MGTSP,MGTS,2017-09-26,2019-10-21,-0.17765645207982678,1.177656452079827,0.0285879676690408,0.1024694472382087,0.06552870745362474,0.897530552761791,0.9714120323309591,0.934471292546375,0.009806772443994366,0.9901932275560056,0.177682975637472,0.822317024362528,preferred
MGTS,MGTSP,MGTS,2018-04-06,2020-04-22,-0.2895391667013854,1.2895391667013854,0.09332283362376419,0.0946283882879794,0.09397561095587179,0.9053716117120209,0.906677166376236,0.9060243890441284,0.0033644744640578443,0.9966355255359421,0.17587298131576634,0.8241270186842337,preferred
MGTS,MGTSP,MGTS,2018-10-17,2020-10-21,-0.16851560225579507,1.1685156022557952,0.029758722667512946,0.15516964952540982,0.09246418609646138,0.8448303504745899,0.9702412773324871,0.9075358139035385,0.023740708329644183,0.9762592916703559,0.3329437222313981,0.6670562777686018,preferred
MGTS,MGTSP,MGTS,2019-04-23,2021-04-21,-0.11986973146280697,1.119869731462807,0.01653191315188307,0.18838389009344414,0.1024579016226636,0.811616109906556,0.983468086848117,0.8975420983773366,0.04043237735358393,0.9595676226464162,0.5321326722942245,0.4678673277057756,common
MGTS,MGTSP,MGTS,2019-10-22,2021-10-14,-2.9760834864501433,3.9760834864501433,0.2632139113304172,0.8073172943518091,0.5352656028411131,0.19268270564819087,0.7367860886695826,0.46473439715888676,0.4928198005037718,0.5071801994962283,0.7030725555864177,0.2969274444135824,common
MGTS,MGTSP,MGTS,2020-04-23,2022-05-17,-4.494140357995649,5.494140357995649,0.013189779243083262,0.5381663326136289,0.2756780559283561,0.461833667386371,0.9868102207569167,0.7243219440716439,0.22002937892436591,0.7799706210756341,0.17796602937351708,0.822033970626483,preferred
MGTS,MGTSP,MGTS,2021-04-22,2023-05-12,3.75018712600677,-2.75018712600677,0.2321685763789617,0.9658103820469255,0.5989894792129435,0.03418961795307426,0.7678314236210381,0.4010105207870562,0.6986972606766858,0.30130273932331425,0.5454341198327848,0.4545658801672151,common
MGTS,MGTSP,MGTS,2021-10-15,2023-11-06,7.715150261649034,-6.715150261649034,0.08320463740351318,0.8307156155945968,0.456960126499055,0.16928438440540264,0.9167953625964863,0.5430398735009445,0.47694869641102305,0.523051303588977,0.34914200913551424,0.6508579908644858,preferred
MGTS,MGTSP,MGTS,2022-05-18,2024-05-03,-6.285464302900675,7.285464302900675,0.007004786246912868,0.4807949742713605,0.24389988025913667,0.5192050257286401,0.992995213753087,0.7561001197408636,0.1442796995265036,0.8557203004734965,0.12265238586310327,0.8773476141368968,preferred
KROT,KROTP,Krasny Oktyabr,2008-12-26,2011-05-12,0.7377230687953982,0.2622769312046018,0.6151531957699372,0.9134931152449942,0.7643231555074657,0.0865068847550059,0.38484680423006273,0.23567684449253432,0.7794507494056083,0.22054925059439165,0.5707037678962116,0.42929623210378826,common
KROT,KROTP,Krasny Oktyabr,2009-08-06,2011-12-09,0.9941732745575917,0.005826725442408262,0.8926808634049512,0.9999624771731133,0.9463216702890322,3.7522826886676885e-05,0.10731913659504856,0.05367832971096762,0.9685525888615428,0.03144741113845722,0.010563129737943306,0.9894368702620567,preferred
KROT,KROTP,Krasny Oktyabr,2016-07-13,2018-08-15,-1.2179774911777588,2.2179774911777588,0.13256790010676764,0.21016141589505039,0.171364658000909,0.7898385841049499,0.8674320998932324,0.8286353419990912,0.005837765031515295,0.9941622349684847,0.12420869167450263,0.8757913083254973,preferred
KROT,KROTP,Krasny Oktyabr,2017-02-10,2019-02-21,2.9640200020549714,-1.9640200020549714,0.3465108036575849,0.9516126776983326,0.6490617406779587,0.04838732230166764,0.6534891963424152,0.3509382593220414,0.7359023219202968,0.26409767807970325,0.6003032832273211,0.39969671677267893,common
KROT,KROTP,Krasny Oktyabr,2017-08-15,2019-08-27,1.245830851631107,-0.24583085163110704,0.8300686705982234,0.9420465215617113,0.8860575960799674,0.05795347843828833,0.16993132940177644,0.11394240392003238,0.9802091680377392,0.01979083196226078,0.7018973465711135,0.29810265342888653,common
KROT,KROTP,Krasny Oktyabr,2018-02-14,2020-03-02,-0.15939591364237535,1.1593959136423753,0.011963721727796866,0.20859932993603233,0.1102815258319146,0.7914006700639679,0.9880362782722033,0.8897184741680856,0.027170614469404906,0.9728293855305951,0.44838185147911847,0.5516181485208816,preferred
KROT,KROTP,Krasny Oktyabr,2018-08-16,2020-09-04,1.8900041892288744,-0.8900041892288743,0.7621828113363556,0.9703623435320635,0.8662725774342095,0.029637656467936375,0.2378171886636448,0.1337274225657906,0.9748318680690748,0.02516813193092519,0.9029618216587915,0.09703817834120858,common
KROT,KROTP,Krasny Oktyabr,2019-02-22,2021-03-09,-125.84188046921267,126.84188046921267,0.054299806776402386,0.934781747579852,0.49454077717812717,0.06521825242014728,0.9457001932235966,0.505459222821872,0.4878440312368855,0.5121559687631144,0.4930391067718301,0.5069608932281698,preferred
KROT,KROTP,Krasny Oktyabr,2019-08-28,2021-09-02,0.022784963383200674,0.9772150366167994,0.00010427558181700121,0.8057125846757843,0.4029084301288007,0.19428741532421598,0.9998957244181828,0.5970915698711994,0.2824217632865418,0.7175782367134583,0.9988074754106985,0.0011925245893015738,common
KROT,KROTP,Krasny Oktyabr,2020-03-03,2022-03-30,0.11115847306041275,0.8888415269395872,0.002253261190170639,0.8444910929649367,0.4233721770775537,0.15550890703506326,0.9977467388098296,0.5766278229224464,0.31372237197300573,0.6862776280269942,0.9718056270395227,0.02819437296047738,common
KROT,KROTP,Krasny Oktyabr,2020-09-07,2022-10-03,1.4903114061564715,-0.49031140615647145,0.3896560552999719,0.9588404915209416,0.6742482734104568,0.041159508479058284,0.610343944700028,0.3257517265895431,0.887250355475204,0.11274964452479604,0.3168093993918035,0.6831906006081966,preferred
KROT,KROTP,Krasny Oktyabr,2021-03-10,2023-03-31,2.953758794904453,-1.953758794904453,0.7007436794129563,0.8266613906542617,0.7637025350336091,0.17333860934573822,0.2992563205870431,0.23629746496639065,0.9898719688288927,0.010128031171107254,0.8204688132024576,0.1795311867975424,common
KROT,KROTP,Krasny Oktyabr,2021-09-03,2023-09-27,1.4856756121185095,-0.48567561211850946,0.4951788442188513,0.9595984061346858,0.7273886251767685,0.04040159386531411,0.504821155781149,0.2726113748232315,0.9351683449400312,0.06483165505996878,0.4320871573570277,0.5679128426429723,preferred
NKNC,NKNCP,Nizhnekamskneftekhim,2008-04-18,2010-11-16,1.4504669531779548,-0.45046695317795477,0.8676055229385821,0.9993471802815805,0.9334763516100812,0.0006528197184196367,0.13239447706141816,0.0665236483899189,0.9754098995811192,0.02459010041888079,0.9499793371544236,0.05002066284557637,common
NKNC,NKNCP,Nizhnekamskneftekhim,2019-05-31,2021-05-26,1.459242370556372,-0.4592423705563719,0.85684685911077,0.9256244912751475,0.8912356751929587,0.07437550872485274,0.14315314088923042,0.10876432480704158,0.998018492190645,0.0019815078093550426,0.8692861689174534,0.13071383108254667,common
NKNC,NKNCP,Nizhnekamskneftekhim,2021-05-27,2023-06-15,0.7664908589948987,0.2335091410051013,0.3145516282484326,0.9724900532944251,0.6435208407714288,0.02750994670557535,0.6854483717515678,0.3564791592285716,0.7136428596247573,0.2863571403752428,0.2322150447699723,0.7677849552300277,preferred
VJGZ,VJGZP,Varyeganneftegaz,2011-12-27,2019-07-11,0.8413665007979739,0.1586334992020261,0.8068936883506557,0.9644423052371682,0.885667996793912,0.03555769476283202,0.19310631164934444,0.11433200320608823,0.8953043789728955,0.10469562102710439,0.6808345196877319,0.3191654803122682,common
VJGZ,VJGZP,Varyeganneftegaz,2013-09-16,2020-02-05,2.2932370874728982,-1.2932370874728985,0.6838875743884064,0.9477502619776653,0.8158189181830359,0.052249738022335054,0.3161124256115936,0.18418108181696433,0.8399032616868559,0.16009673831314417,0.8618705868409149,0.13812941315908514,common
VJGZ,VJGZP,Varyeganneftegaz,2016-05-12,2020-08-07,2.5142576020977434,-1.5142576020977434,0.7057196987349681,0.982923677665503,0.8443216882002356,0.017076322334496893,0.2942803012650316,0.15567831179976424,0.8739217147481692,0.12607828525183087,0.9143057276616513,0.08569427233834867,common
VJGZ,VJGZP,Varyeganneftegaz,2018-11-01,2021-02-04,0.12234898032170118,0.8776510196782988,0.008535364091212682,0.6644786834566427,0.3365070237739277,0.33552131654335754,0.9914646359087873,0.6634929762260724,0.2764120290614137,0.7235879709385863,0.9297558296318359,0.07024417036816417,common
VJGZ,VJGZP,Varyeganneftegaz,2019-07-12,2021-08-02,0.3957304766933623,0.6042695233066377,0.04686391763788662,0.9026594355548848,0.47476167659638574,0.09734056444511509,0.9531360823621131,0.5252383234036141,0.4669342229072276,0.5330657770927725,0.6557689887423064,0.3442310112576937,common
VJGZ,VJGZP,Varyeganneftegaz,2020-02-06,2022-01-27,0.5321960627875743,0.4678039372124258,0.07455127926850146,0.9458481772458276,0.5101997282571645,0.054151822754172074,0.9254487207314986,0.48980027174283536,0.5298698935452288,0.47013010645477116,0.45603478001424314,0.543965219985757,preferred
VJGZ,VJGZP,Varyeganneftegaz,2020-08-10,2022-08-26,0.3022090113012203,0.6977909886987796,0.021879672451253804,0.8961120552905423,0.458995863870898,0.10388794470945763,0.9781203275487462,0.5410041361291019,0.4280279738961742,0.5719720261038258,0.7932831180163696,0.20671688198363036,common
VJGZ,VJGZP,Varyeganneftegaz,2021-02-05,2023-02-21,0.8417948935819557,0.15820510641804425,0.22999359166685243,0.9930313164093472,0.6115124540380998,0.006968683590652964,0.7700064083331478,0.3884875459619004,0.7209931771570132,0.27900682284298695,0.0804728509728065,0.9195271490271936,preferred
DZRD,DZRDP,Donskoy Radio Components Plant,2011-01-11,2015-02-02,-1.067859195228228,2.067859195228228,0.03228391468650369,0.32151507707797977,0.17689949588224174,0.6784849229220201,0.9677160853134962,0.8231005041177581,0.1375873492056083,0.8624126507943917,0.14763432737853094,0.852365672621469,preferred
DZRD,DZRDP,Donskoy Radio Components Plant,2011-08-03,2016-02-08,-0.44523120092766105,1.445231200927661,0.0010483182043073364,0.12772900014599392,0.06438865917515063,0.8722709998540061,0.9989516817956925,0.9356113408248493,0.022792691786207,0.9772073082137931,0.047531540155890444,0.9524684598441094,preferred
DZRD,DZRDP,Donskoy Radio Components Plant,2012-02-09,2016-08-25,-0.2720802905300311,1.272080290530031,0.0347497314211671,0.05484531973226638,0.04479752557671674,0.9451546802677335,0.9652502685788328,0.9552024744232832,0.0001635739158993423,0.9998364260841006,0.04587311080693587,0.9541268891930641,preferred
DZRD,DZRDP,Donskoy Radio Components Plant,2013-01-21,2017-05-11,-0.07229231329854423,1.0722923132985442,0.005045078127967565,0.14564109446147058,0.07534308629471907,0.8543589055385292,0.9949549218720324,0.9246569137052808,0.03052799664634983,0.9694720033536501,0.5936152857592832,0.40638471424071687,common
DZRD,DZRDP,Donskoy Radio Components Plant,2015-02-03,2017-12-06,0.04906483600502651,0.9509351639949735,0.001964418346252879,0.2544926737389706,0.12822854604261175,0.7455073262610292,0.9980355816537472,0.8717714539573882,0.07954659627992781,0.9204534037200722,0.8904338497769582,0.10956615022304175,common
DZRD,DZRDP,Donskoy Radio Components Plant,2016-02-09,2018-07-16,1.0303165289588005,-0.030316528958800503,0.8198327997355022,0.9987757523046077,0.9093042760200549,0.001224247695392371,0.18016720026449753,0.09069572397994495,0.9460825112169977,0.05391748878300225,0.08006108158173672,0.9199389184182633,preferred
DZRD,DZRDP,Donskoy Radio Components Plant,2016-09-02,2019-04-05,0.46699209869275016,0.5330079013072498,0.22964414747400982,0.6701748784083513,0.4499095129411806,0.32982512159164873,0.77035585252599,0.5500904870588194,0.43845617817937277,0.5615438218206272,0.4656480052637005,0.5343519947362996,preferred
DZRD,DZRDP,Donskoy Radio Components Plant,2017-12-07,2020-05-20,0.030420739495336246,0.9695792605046637,0.0010670648034575945,0.26408834125034275,0.13257770302690017,0.735911658749657,0.9989329351965425,0.8674222969730998,0.09375802586451817,0.9062419741354818,0.9595641036357522,0.0404358963642479,common
DZRD,DZRDP,Donskoy Radio Components Plant,2018-07-17,2020-11-18,-0.18890015231749258,1.1889001523174927,0.039710907365943224,0.24980108859117867,0.14475599797856095,0.7501989114088216,0.9602890926340568,0.8552440020214391,0.05222719110724318,0.9477728088927568,0.5315719774233034,0.4684280225766965,common
DZRD,DZRDP,Donskoy Radio Components Plant,2019-04-08,2021-05-20,-0.002732856779424506,1.0027328567794245,7.869762752916165e-06,0.3595101848851145,0.1797590273239337,0.6404898151148852,0.9999921302372469,0.820240972676066,0.12538628212620445,0.8746137178737955,0.9998453686342613,0.00015463136573870618,common
DZRD,DZRDP,Donskoy Radio Components Plant,2019-11-12,2021-12-01,0.06854479754062599,0.931455202459374,0.004623413391611996,0.387573243452113,0.1960983284218625,0.6124267565478868,0.9953765866083877,0.8039016715781373,0.14866903286792177,0.8513309671320782,0.9165829362994359,0.08341706370056416,common
DZRD,DZRDP,Donskoy Radio Components Plant,2020-05-21,2022-07-22,-0.41976324933621983,1.4197632493362198,0.05918579211426406,0.30471247052564876,0.1819491313199564,0.6952875294743512,0.9408142078857358,0.8180508686800435,0.027495340534611785,0.9725046594653881,0.36140167558612607,0.638598324413874,preferred
DZRD,DZRDP,Donskoy Radio Components Plant,2020-11-19,2023-01-20,0.8631969788635059,0.13680302113649415,0.3958515785478491,0.9911348220658175,0.6934932003068333,0.008865177934182285,0.6041484214521506,0.30650679969316647,0.7865538701659468,0.21344612983405317,0.11393131937331134,0.8860686806266886,preferred
DZRD,DZRDP,Donskoy Radio Components Plant,2021-05-21,2023-07-21,0.6409180816930079,0.359081918306992,0.21122821750315127,0.9409899274493307,0.576109072476241,0.059010072550669215,0.7887717824968488,0.423890927523759,0.627791833076768,0.37220816692323205,0.36701115661863926,0.6329888433813609,preferred
DZRD,DZRDP,Donskoy Radio Components Plant,2021-12-02,2024-01-16,0.2270705761361584,0.7729294238638417,0.03496190042538873,0.7375437020787876,0.38625280125208816,0.2624562979212124,0.9650380995746115,0.613747198747912,0.3749940967567923,0.6250059032432078,0.8210785153776382,0.17892148462236182,common
DZRD,DZRDP,Donskoy Radio Components Plant,2022-07-27,2024-07-15,0.07650972585974192,0.9234902741402581,0.005610124775877285,0.5521445343019477,0.2788773295389125,0.4478554656980524,0.9943898752241228,0.7211226704610876,0.24352175128461376,0.7564782487153862,0.9561193914372135,0.04388060856278653,common
PMSB,PMSBP,Perm Energy Supply,2007-02-21,2011-09-19,0.3585513468350807,0.6414486531649194,0.12441468372745408,0.3362934382842327,0.23035406100584338,0.6637065617157671,0.875585316272546,0.7696459389941566,0.20758442912576563,0.7924155708742344,0.22281932472553528,0.7771806752744648,preferred
PMSB,PMSBP,Perm Energy Supply,2008-08-25,2012-04-18,0.3046419416855388,0.6953580583144613,0.06637439986223849,0.2747232145326717,0.17054880719745508,0.7252767854673283,0.9336256001377616,0.829451192802545,0.1371033192258294,0.8628966807741707,0.1805085309906362,0.8194914690093638,preferred
PMSB,PMSBP,Perm Energy Supply,2010-05-12,2012-12-13,0.47542963311530684,0.5245703668846932,0.24398742346060923,0.7635920536561642,0.5037897385583867,0.23640794634383586,0.7560125765393907,0.4962102614416133,0.5204029659626002,0.4795970340373997,0.5565174012683431,0.4434825987316569,common
PMSB,PMSBP,Perm Energy Supply,2011-02-24,2013-09-12,0.24497554649576456,0.7550244535042354,0.07173240080360392,0.5116541812437676,0.29169329102368574,0.48834581875623234,0.928267599196396,0.7083067089763142,0.27897594439297907,0.7210240556070209,0.6170001876987484,0.3829998123012515,common
PMSB,PMSBP,Perm Energy Supply,2011-09-20,2014-07-04,0.15914123304429942,0.8408587669557006,0.031740275641891566,0.44348157691672013,0.23761092627930586,0.5565184230832799,0.9682597243581088,0.7623890737206944,0.21864326954673852,0.7813567304532615,0.730590068782671,0.269409931217329,common
PMSB,PMSBP,Perm Energy Supply,2012-04-19,2015-06-23,0.19135268540169698,0.8086473145983031,0.04278777204788996,0.5241206934370799,0.28345423274248494,0.47587930656292016,0.9572122279521101,0.7165457672575152,0.2691610082210058,0.7308389917789941,0.7364709828293271,0.2635290171706729,common
PMSB,PMSBP,Perm Energy Supply,2012-12-14,2016-02-19,0.2291987858267327,0.7708012141732673,0.053067164082217004,0.5734745608033154,0.3132708624427662,0.42652543919668456,0.946932835917783,0.6867291375572337,0.2942876706225535,0.7057123293774465,0.7018113173488258,0.2981886826511741,common
PMSB,PMSBP,Perm Energy Supply,2013-09-13,2016-10-13,0.252755595356156,0.747244404643844,0.06466004603219366,0.6226447777393748,0.3436524118857842,0.37735522226062534,0.9353399539678063,0.6563475881142158,0.3349797815304076,0.6650202184695925,0.7055397410394038,0.29446025896059624,common
PMSB,PMSBP,Perm Energy Supply,2014-07-07,2017-05-05,0.29145407876720486,0.7085459212327951,0.08140935040305158,0.6702646170587168,0.37583698373088414,0.3297353829412832,0.9185906495969484,0.6241630162691157,0.3730146038047986,0.6269853961952014,0.681820916929809,0.318179083070191,common
PMSB,PMSBP,Perm Energy Supply,2015-06-24,2017-11-27,0.3339112422749987,0.6660887577250013,0.08793552789920765,0.7408749914800853,0.4144052596896465,0.25912500851991477,0.9120644721007924,0.5855947403103536,0.4128225067218901,0.58717749327811,0.6658619722041028,0.33413802779589724,common
PMSB,PMSBP,Perm Energy Supply,2016-02-20,2018-06-13,0.5227652331159655,0.47723476688403454,0.1586245635167692,0.8858497022912708,0.52223713290402,0.11415029770872932,0.8413754364832308,0.47776286709598004,0.5482855881028097,0.4517144118971904,0.49894165768575366,0.5010583423142464,preferred
PMSB,PMSBP,Perm Energy Supply,2016-10-14,2018-12-07,0.6040448756399436,0.3959551243600563,0.19390280849961586,0.9242576826255883,0.559080245562602,0.07574231737441209,0.8060971915003843,0.44091975443739817,0.5985191341998597,0.4014808658001402,0.4085808961414523,0.5914191038585478,preferred
PMSB,PMSBP,Perm Energy Supply,2017-05-10,2019-06-10,0.2844873308560403,0.7155126691439597,0.033783005838582424,0.7969214145933061,0.41535221021594426,0.20307858540669366,0.9662169941614174,0.5846477897840555,0.36662119138040644,0.6333788086195935,0.7614881640078389,0.23851183599216114,common
PMSB,PMSBP,Perm Energy Supply,2017-11-28,2019-12-04,0.20072018006834638,0.7992798199316535,0.01919881688055373,0.7275014772823349,0.3733501470814443,0.2724985227176648,0.9808011831194465,0.6266498529185557,0.31266553590000346,0.6873344640999965,0.8491379923764754,0.15086200762352453,common
PMSB,PMSBP,Perm Energy Supply,2018-06-14,2020-06-08,0.05369075480726306,0.946309245192737,0.0015674174452608293,0.6865098330240054,0.3440386252346331,0.31349016697599474,0.9984325825547389,0.6559613747653668,0.2853039185755525,0.7146960814244476,0.9884329610014853,0.011567038998514662,common
PMSB,PMSBP,Perm Energy Supply,2018-12-10,2020-12-04,-0.012795047552317296,1.0127950475523173,8.454861319624426e-05,0.6578457871744349,0.3289651678938156,0.34215421282556513,0.9999154513868038,0.6710348321061845,0.25093196423095104,0.749068035769049,0.9993363445734165,0.0006636554265835835,common
PMSB,PMSBP,Perm Energy Supply,2019-06-11,2021-06-04,0.27500481164480156,0.7249951883551984,0.0383457932437537,0.8330332482250878,0.4356895207344208,0.16696675177491224,0.9616542067562464,0.5643104792655793,0.4481501721102179,0.5518498278897821,0.8055583340401501,0.19444166595985,common
PMSB,PMSBP,Perm Energy Supply,2019-12-05,2021-11-29,-0.22165271813881307,1.221652718138813,0.04084851062374544,0.34727664149689447,0.19406257606031996,0.6527233585031055,0.9591514893762547,0.8059374239396802,0.07836831591161984,0.92163168408838,0.6378501470757847,0.3621498529242153,common
PMSB,PMSBP,Perm Energy Supply,2020-06-09,2022-06-30,0.3185798587861184,0.6814201412138815,0.050935366960104526,0.8577447112494502,0.4543400391047773,0.14225528875054955,0.9490646330398953,0.5456599608952224,0.4840065625048407,0.5159934374951592,0.7602975627978217,0.23970243720217826,common
PMSB,PMSBP,Perm Energy Supply,2020-12-07,2022-12-23,0.4368958300082688,0.5631041699917312,0.09466332487093634,0.903757657621758,0.49921049124634714,0.09624234237824215,0.9053366751290636,0.5007895087536529,0.5606686201794823,0.43933137982051784,0.6227468426687756,0.37725315733122444,common
PMSB,PMSBP,Perm Energy Supply,2021-06-07,2023-06-26,0.22285645636831222,0.7771435436316878,0.02548861617138446,0.7878942374073676,0.40669142678937603,0.2121057625926322,0.9745113838286154,0.5933085732106238,0.38929622118504403,0.610703778814956,0.8510518283974998,0.14894817160250023,common
PMSB,PMSBP,Perm Energy Supply,2021-11-30,2023-12-18,-0.31943593144650934,1.3194359314465094,0.032900760106033954,0.5192512022157677,0.2760759811609008,0.4807487977842323,0.9670992398939662,0.7239240188390992,0.10620536452562548,0.8937946354743745,0.7127514942847842,0.28724850571521565,common
PMSB,PMSBP,Perm Energy Supply,2022-07-01,2024-06-18,-0.022905165961751947,1.022905165961752,0.0001622280402808961,0.6707215779066139,0.3354419029734474,0.3292784220933861,0.999837771959719,0.6645580970265526,0.20601213794031206,0.793987862059688,0.9980358549040891,0.001964145095910995,common
LSNG,LSNGP,Rosseti Lenenergo,2005-08-03,2009-08-27,0.39727452398234514,0.6027254760176549,0.23528994369805958,0.4680333961435646,0.3516616699208121,0.5319666038564355,0.7647100563019404,0.648338330079188,0.3475489528629498,0.6524510471370503,0.4037611939440353,0.5962388060559646,preferred
LSNG,LSNGP,Rosseti Lenenergo,2007-05-17,2010-03-11,0.2917397860296838,0.7082602139703162,0.11881837042381757,0.2645115878116094,0.19166497911771346,0.7354884121883909,0.8811816295761828,0.8083350208822868,0.18521777938668033,0.8147822206133196,0.2488870777833035,0.7511129222166965,preferred
LSNG,LSNGP,Rosseti Lenenergo,2008-03-19,2010-09-08,0.2140102163742275,0.7859897836257725,0.061004426701911724,0.1551005245843726,0.10805247564314216,0.8448994754156276,0.9389955732980884,0.891947524356858,0.10297047780499674,0.8970295221950032,0.16524065697509346,0.8347593430249066,preferred
LSNG,LSNGP,Rosseti Lenenergo,2011-03-17,2013-03-07,-0.013774544298141239,1.0137745442981412,0.00018485537019933182,0.09276985272598572,0.04647735404809252,0.9072301472740144,0.9998151446298006,0.9535226459519075,0.022917495053739315,0.9770825049462607,0.9278974029771876,0.07210259702281233,common
LSNG,LSNGP,Rosseti Lenenergo,2011-09-13,2013-09-04,0.07102387791580407,0.9289761220841959,0.006295003979908072,0.10220189132012444,0.054248447650016254,0.8977981086798756,0.993704996020092,0.9457515523499838,0.042656730413892514,0.9573432695861075,0.3601582775764896,0.6398417224235105,preferred
LSNG,LSNGP,Rosseti Lenenergo,2013-09-05,2015-09-04,-0.35894759556276185,1.3589475955627617,0.02326912018748059,0.09577953873620941,0.059524329461845,0.9042204612637906,0.9767308798125197,0.9404756705381552,0.003659349119478917,0.9963406508805212,0.054298909222378726,0.9457010907776212,preferred
LSNG,LSNGP,Rosseti Lenenergo,2017-09-01,2019-08-22,0.38057005907224,0.6194299409277599,0.17699886639918988,0.3981396122625059,0.2875692393308479,0.601860387737494,0.8230011336008102,0.712430760669152,0.27386025193921576,0.7261397480607843,0.3014969827556568,0.6985030172443432,preferred
TORS,TORSP,Rosseti Tomsk,2006-01-17,2009-06-15,0.07648173755333332,0.9235182624466667,0.03395339028761096,0.051899461090490075,0.042926425689050515,0.9481005389095098,0.9660466097123892,0.9570735743109495,0.04605428675324338,0.9539457132467567,0.2267931700737147,0.7732068299262854,preferred
TORS,TORSP,Rosseti Tomsk,2007-02-28,2010-01-12,0.9557357496998886,0.044264250300111364,0.80201706361846,0.9974301228501594,0.8997235932343097,0.002569877149840719,0.19798293638154005,0.10027640676569038,0.9253562105326303,0.07464378946736974,0.14725511171849853,0.8527448882815015,preferred
TORS,TORSP,Rosseti Tomsk,2007-11-20,2010-07-20,1.008685038758006,-0.008685038758005869,0.8380213627210596,0.9999172812294471,0.9189693219752534,8.271877055301685e-05,0.1619786372789402,0.08103067802474662,0.9532637703092646,0.0467362296907354,0.009445260166453895,0.9905547398335461,preferred
TORS,TORSP,Rosseti Tomsk,2008-07-17,2011-01-24,1.0867172082249748,-0.08671720822497478,0.8942971006283074,0.9924489499840639,0.9433730253061856,0.007551050015936375,0.1057028993716929,0.05662697469381464,0.9813460570610807,0.018653942938919327,0.6386302416526386,0.3613697583473613,common
TORS,TORSP,Rosseti Tomsk,2009-06-16,2012-02-13,1.2478834607260185,-0.24788346072601852,0.9556512888170028,0.9631057950091659,0.9593785419130844,0.03689420499083404,0.04434871118299737,0.04062145808691571,0.9999306575340499,6.934246595015676e-05,0.9565402503194081,0.04345974968059188,common
TORS,TORSP,Rosseti Tomsk,2015-09-07,2019-02-14,0.05554686337955513,0.9444531366204449,0.003705383209781621,0.3432669748850584,0.17348617904742003,0.6567330251149415,0.9962946167902184,0.82651382095258,0.13672985096741289,0.863270149032587,0.9272045423112355,0.07279545768876458,common
TORS,TORSP,Rosseti Tomsk,2017-12-29,2020-12-18,-1.9804272116210104,2.98042721162101,0.43221441788231135,0.9217624778481738,0.6769884478652426,0.07823752215182611,0.5677855821176886,0.32301155213475735,0.6237949024373782,0.3762050975626217,0.9086648297780043,0.09133517022199561,common
TORS,TORSP,Rosseti Tomsk,2019-02-15,2021-07-02,1.6166732247689728,-0.6166732247689728,0.8693307838880872,0.9749594475363755,0.9221451157122313,0.025040552463624768,0.13066921611191284,0.07785488428776881,0.999996578158051,3.421841949001895e-06,0.9532979286881319,0.04670207131186817,common
TORS,TORSP,Rosseti Tomsk,2019-11-15,2022-02-07,0.1703383046625862,0.8296616953374137,0.05815785696187235,0.4983250513477358,0.27824145415480406,0.5016749486522644,0.9418421430381276,0.721758545845196,0.3022555827473545,0.6977444172526456,0.7790364888278062,0.22096351117219376,common
TORS,TORSP,Rosseti Tomsk,2020-06-03,2022-09-27,0.7557866463186802,0.24421335368131974,0.48901772575841507,0.9611237299770017,0.7250707278677084,0.038876270022998094,0.5109822742415848,0.27492927213229146,0.7896527802944651,0.21034721970553494,0.420694491283833,0.579305508716167,preferred
RTKM,RTKMP,Rostelecom,2008-10-15,2010-10-20,0.1183450510183614,0.8816549489816387,0.008028049639251446,0.2611896998319692,0.13460887473561034,0.7388103001680308,0.9919719503607486,0.8653911252643898,0.07878835509218741,0.9212116449078126,0.5731649839630543,0.4268350160369458,common
RTKM,RTKMP,Rostelecom,2009-04-23,2011-04-27,0.455759829202174,0.544240170797826,0.16203011472432294,0.6772345416782264,0.41963232820127466,0.3227654583217735,0.8379698852756772,0.5803676717987254,0.3825114613603379,0.617488538639662,0.427094255024507,0.572905744975493,preferred
RTKM,RTKMP,Rostelecom,2009-10-20,2011-10-24,0.6561508353374407,0.3438491646625594,0.42261986792938494,0.9170364833105102,0.6698281756199476,0.08296351668948948,0.577380132070615,0.3301718243800522,0.7240623943690273,0.2759376056309728,0.5305720246404751,0.46942797535952485,common
RTKM,RTKMP,Rostelecom,2012-04-23,2014-04-30,-0.03429556698645706,1.034295566986457,0.0009247166705379456,0.39929162547978225,0.2001081710751601,0.6007083745202179,0.9990752833294622,0.79989182892484,0.1228520507704441,0.877147949229556,0.9827354155139162,0.017264584486083884,common
RTKM,RTKMP,Rostelecom,2012-10-16,2014-10-28,-0.0894255996057781,1.089425599605778,0.006301827435033423,0.3562000741690862,0.18125095080205983,0.6437999258309135,0.9936981725649666,0.8187490491979401,0.09599113855435848,0.9040088614456415,0.8791289777727673,0.12087102222723263,common
RTKM,RTKMP,Rostelecom,2013-04-19,2015-04-30,0.3643474510837884,0.6356525489162115,0.11884735078127497,0.7780074423075544,0.44842739654441466,0.22199255769244558,0.8811526492187252,0.5515726034555853,0.4769464057866342,0.5230535942133658,0.6679737710155963,0.33202622898440376,common
RTKM,RTKMP,Rostelecom,2013-10-16,2015-10-28,0.665237420452887,0.3347625795471129,0.30637741041446614,0.9509677745335051,0.6286725924739857,0.049032225466494835,0.6936225895855338,0.37132740752601434,0.7195511390663873,0.28044886093361276,0.4205802123458767,0.5794197876541232,preferred
RTKM,RTKMP,Rostelecom,2014-05-02,2016-04-28,0.7345530135510548,0.2654469864489451,0.3961142120476629,0.9732223496808443,0.6846682808642536,0.02677765031915548,0.6038857879523372,0.3153317191357463,0.7986310459988119,0.20136895400118818,0.3810543500452138,0.6189456499547861,preferred
RTKM,RTKMP,Rostelecom,2015-10-29,2017-10-23,0.9715427188463175,0.028457281153682484,0.566187068170836,0.9996890720743964,0.7829380701226162,0.00031092792560363867,0.43381293182916386,0.21706192987738376,0.896393841281756,0.10360615871824395,0.011038998512531269,0.9889610014874688,preferred
RTKM,RTKMP,Rostelecom,2017-10-24,2019-10-14,1.0821200180238242,-0.08212001802382415,0.6348643436971733,0.9976400182163431,0.8162521809567582,0.0023599817836570387,0.36513565630282674,0.1837478190432419,0.9336559460189084,0.06634405398109154,0.10204803327724205,0.8979519667227579,preferred
RTKM,RTKMP,Rostelecom,2019-10-15,2021-10-07,0.7023186511346993,0.2976813488653008,0.32423051846829215,0.9549797807732565,0.6396051496207743,0.04502021922674367,0.6757694815317079,0.3603948503792258,0.7141888261130726,0.28581117388692745,0.3613693708267261,0.638630629173274,preferred
RTKM,RTKMP,Rostelecom,2020-04-16,2022-05-06,1.0472023448957204,-0.047202344895720526,0.3989293601962066,0.9992902622062036,0.6991098112012051,0.0007097377937965525,0.6010706398037935,0.30089018879879503,0.8382103692269443,0.16178963077305575,0.010849335098011842,0.9891506649019882,preferred
RTKM,RTKMP,Rostelecom,2020-10-15,2022-11-02,1.1101313871847307,-0.11013138718473067,0.37924821827092375,0.9969092851439443,0.688078751707434,0.003090714856055606,0.6207517817290764,0.311921248292566,0.8474595674948233,0.1525404325051766,0.045702867284282675,0.9542971327157173,preferred
RTKM,RTKMP,Rostelecom,2021-04-15,2023-05-03,0.9551670083219292,0.0448329916780707,0.2938719881935945,0.9994849186221081,0.6466784534078514,0.0005150813778920403,0.7061280118064056,0.3533215465921488,0.7867564784061012,0.21324352159389884,0.007326219069070665,0.9926737809309293,preferred
RTKM,RTKMP,Rostelecom,2021-10-08,2023-10-27,0.6601735962878754,0.3398264037121247,0.18551030990507014,0.9622333882899003,0.5738718490974852,0.037766611710099776,0.8144896900949301,0.42612815090251493,0.6552329281611194,0.34476707183888056,0.3245797423546379,0.6754202576453622,preferred
KRKN,KRKNP,Saratov Refinery,2012-01-18,2018-10-01,0.39482275614879764,0.6051772438512024,0.2064219825777722,0.46964460115408946,0.33803329186593084,0.5303553988459107,0.793578017422228,0.6619667081340693,0.32830494572276875,0.6716950542772313,0.3798999550503924,0.6201000449496075,preferred
KRKN,KRKNP,Saratov Refinery,2018-10-02,2021-02-05,0.12863937647490073,0.8713606235250994,0.04426369681656688,0.31114506004238035,0.17770437842947362,0.6888549399576197,0.9557363031834331,0.8222956215705264,0.19118428620443859,0.8088157137955614,0.6818157293364823,0.3181842706635176,common
KRKN,KRKNP,Saratov Refinery,2019-07-04,2021-08-04,0.26322697934662465,0.7367730206533752,0.1765522194661706,0.5324620133108872,0.3545071163885289,0.4675379866891128,0.8234477805338294,0.6454928836114711,0.3926533692256167,0.6073466307743833,0.70265121178312,0.29734878821687993,common
KRKN,KRKNP,Saratov Refinery,2020-02-06,2022-02-01,1.6428752568477347,-0.6428752568477346,0.9224714858496587,0.9442271586209117,0.9333493222352851,0.055772841379088445,0.07752851415034133,0.0666506777647149,0.996034096842342,0.003965903157658054,0.9677708393602868,0.03222916063971326,common
KRKN,KRKNP,Saratov Refinery,2020-08-10,2022-09-02,1.1720656535925333,-0.1720656535925334,0.900107746359639,0.9659030500516543,0.9330053982056467,0.034096949948345584,0.09989225364036086,0.06699460179435322,0.9891774805894336,0.01082251941056648,0.8069486982207824,0.19305130177921753,common
SARE,SAREP,Saratovenergo,2005-06-10,2013-05-30,0.38087814970753675,0.6191218502924632,0.053708955812781844,0.8949444759781205,0.47432671589545117,0.10505552402187954,0.9462910441872183,0.5256732841045489,0.4932032698519223,0.5067967301480778,0.6826719058431748,0.3173280941568252,common
SARE,SAREP,Saratovenergo,2005-12-08,2014-11-03,0.017483705055302497,0.9825162949446976,0.0001832798305561147,0.5741023044001602,0.28714279211535815,0.4258976955998401,0.999816720169444,0.712857207884642,0.20600276260193154,0.7939972373980684,0.9980521750831394,0.001947824916860708,common
SARE,SAREP,Saratovenergo,2012-02-08,2015-07-31,0.17993210864921347,0.8200678913507866,0.05321249993688239,0.21552739437209353,0.13436994715448797,0.7844726056279065,0.9467875000631177,0.8656300528455121,0.1297736184266855,0.8702263815733144,0.33356461115362435,0.6664353888463757,preferred
SARE,SAREP,Saratovenergo,2012-10-02,2016-02-09,0.17228269299659035,0.8277173070034096,0.04517859251735206,0.24387614872357313,0.1445273706204626,0.7561238512764269,0.954821407482648,0.8554726293795374,0.1359036548312446,0.8640963451687554,0.39716291815640703,0.602837081843593,preferred
SARE,SAREP,Saratovenergo,2013-05-31,2016-08-09,0.17388691796486846,0.8261130820351316,0.039070128650199334,0.37032263945918675,0.20469638405469304,0.6296773605408131,0.9609298713498006,0.7953036159453069,0.18611243682233086,0.8138875631776691,0.5992306988187093,0.4007693011812906,common
SARE,SAREP,Saratovenergo,2014-11-05,2017-02-02,0.26207817719730236,0.7379218228026976,0.07292595886073316,0.5810864261972271,0.3270061925289801,0.418913573802773,0.9270740411392666,0.6729938074710198,0.31390033681226304,0.6860996631877371,0.6517807777333909,0.34821922226660906,common
SARE,SAREP,Saratovenergo,2015-08-03,2017-08-09,-0.35295607629091136,1.3529560762909114,0.08530879568003083,0.18303247819092497,0.1341706369354779,0.8169675218090753,0.9146912043199693,0.8658293630645223,0.012957427189171165,0.9870425728108289,0.2608136648874606,0.7391863351125393,preferred
SARE,SAREP,Saratovenergo,2016-02-10,2018-02-19,-0.346618704342172,1.346618704342172,0.07528151976438506,0.2562157130074661,0.16574861638592558,0.7437842869925341,0.9247184802356155,0.8342513836140748,0.029137062270884386,0.9708629377291156,0.37335007351832245,0.6266499264816776,preferred
SARE,SAREP,Saratovenergo,2017-02-03,2019-04-24,0.7721097841200916,0.22789021587990835,0.6070392389847339,0.9433101571729161,0.775174698078825,0.05668984282708401,0.3929607610152664,0.2248253019211752,0.8006577954635927,0.1993422045364073,0.5087501128120165,0.4912498871879835,common
SARE,SAREP,Saratovenergo,2017-08-10,2019-11-12,0.42809448994725396,0.571905510052746,0.15857398761218003,0.6018622787979723,0.38021813320507614,0.3981377212020278,0.8414260123878197,0.6197818667949238,0.3452049662012016,0.6547950337987983,0.40179650266936284,0.598203497330637,preferred
SARE,SAREP,Saratovenergo,2018-09-28,2020-12-03,-0.9041773902459725,1.9041773902459724,0.04038853242680937,0.13820649994171194,0.08929751618426066,0.8617935000582883,0.9596114675731906,0.9107024838157394,0.014995420832005038,0.985004579167995,0.04089763552819933,0.9591023644718008,preferred
SARE,SAREP,Saratovenergo,2019-04-25,2021-06-10,-0.7795443504591409,1.7795443504591408,0.07219865561559588,0.11286552656562912,0.0925320910906125,0.8871344734343707,0.9278013443844039,0.9074679089093873,0.005072908271879538,0.9949270917281204,0.051397550143933185,0.9486024498560669,preferred
SARE,SAREP,Saratovenergo,2019-11-13,2021-12-08,-0.0812695474777304,1.0812695474777303,0.0035529187858048743,0.263219858330123,0.13338638855796395,0.7367801416698772,0.9964470812141952,0.8666136114420362,0.05080259922279814,0.9491974007772018,0.807454353543525,0.19254564645647493,common
SARE,SAREP,Saratovenergo,2020-05-28,2022-07-15,-0.012176255989867855,1.012176255989868,0.00010950198760940172,0.418664670391225,0.2093870861894172,0.5813353296087751,0.9998904980123904,0.7906129138105827,0.13155080546898387,0.8684491945310162,0.9979410388455827,0.0020589611544173645,common
SARE,SAREP,Saratovenergo,2020-12-04,2023-01-10,-1.2791993419410133,2.279199341941013,0.00870335353548346,0.45515267228006234,0.2319280129077729,0.5448473277199372,0.9912966464645167,0.7680719870922269,0.14137629323855333,0.8586237067614466,0.22448243642440752,0.7755175635755925,preferred
SARE,SAREP,Saratovenergo,2021-06-11,2023-07-11,-0.6255191912294445,1.6255191912294447,0.03990384036507881,0.22494329126167592,0.13242356581337736,0.7750567087383247,0.9600961596349217,0.8675764341866232,0.01101798889704649,0.9889820111029535,0.13594395501207848,0.8640560449879215,preferred
SARE,SAREP,Saratovenergo,2022-07-18,2024-07-03,0.43578360478971634,0.5642163952102838,0.10848624294486502,0.8689037790923592,0.48869501101861207,0.13109622090764075,0.891513757055135,0.5113049889813879,0.5202224292395975,0.4797775707604025,0.6049488801913026,0.3950511198086974,common
SBER,SBERP,Sberbank,2007-07-20,2009-07-28,-1.464819435318815,2.464819435318815,0.22832280660119803,0.29067404506229066,0.2594984258317443,0.7093259549377092,0.7716771933988023,0.7405015741682557,0.000480008842315047,0.999519991157685,0.258001637516439,0.741998362483561,preferred
SBER,SBERP,Sberbank,2008-01-23,2010-01-28,-2.2589796192851126,3.2589796192851126,0.15491930245818597,0.3600874300628127,0.2575033662604993,0.6399125699371874,0.8450806975418148,0.7424966337395011,0.018616538571450583,0.9813834614285494,0.2002121057879046,0.7997878942120954,preferred
SBER,SBERP,Sberbank,2008-07-22,2010-07-29,-1.8728528353623177,2.8728528353623175,0.1933443008731267,0.30854893779971243,0.2509466193364196,0.691451062200288,0.8066556991268737,0.7490533806635808,0.006704650522701371,0.9932953494772987,0.20891885941271368,0.7910811405872863,preferred
SBER,SBERP,Sberbank,2009-01-28,2011-02-01,2.82908648484108,-1.82908648484108,0.5744965741990598,0.9553027792078608,0.7648996767034603,0.044697220792139024,0.42550342580093975,0.23510032329653938,0.9430828297049332,0.05691717029506681,0.8156561755804382,0.18434382441956168,common
SBER,SBERP,Sberbank,2009-07-29,2011-08-02,31.007302429926632,-30.007302429926632,0.07774194401427921,0.8811950317052131,0.47946848785974616,0.11880496829478746,0.9222580559857213,0.5205315121402544,0.47938166412552213,0.5206183358744778,0.44277473175193804,0.557225268248062,preferred
SBER,SBERP,Sberbank,2010-07-30,2012-07-24,6.884233421868785,-5.884233421868785,0.2821713032627347,0.9966994271757581,0.6394353652192464,0.003300572824241981,0.7178286967372661,0.36056463478075407,0.7877706962742246,0.21222930372577553,0.6967594826045594,0.3032405173954405,common
SBER,SBERP,Sberbank,2011-02-02,2013-01-24,-2.257328279952472,3.257328279952472,0.15275362549570118,0.38473963798955885,0.26874663174263,0.6152603620104408,0.847246374504298,0.7312533682573694,0.02004957532486756,0.9799504246751324,0.21950879627447453,0.7804912037255255,preferred
SBER,SBERP,Sberbank,2011-08-03,2013-07-24,12.176612640447413,-11.176612640447413,0.1391115133225785,0.9901166428517902,0.5646140780871843,0.009883357148210536,0.8608884866774211,0.43538592191281583,0.6440211033824554,0.3559788966175445,0.5862372711676269,0.4137627288323731,common
SBER,SBERP,Sberbank,2012-01-27,2014-01-23,-0.09030460021254114,1.0903046002125412,0.001869982377320391,0.6687714878236523,0.3353207351004863,0.3312285121763477,0.99813001762268,0.6646792648995139,0.17419038351633004,0.8258096164836699,0.9737531977491511,0.02624680225084897,common
SBER,SBERP,Sberbank,2017-07-20,2019-07-10,1.3665821437876116,-0.36658214378761145,0.27937229106663797,0.9841681229903054,0.6317702070284716,0.01583187700969501,0.7206277089333625,0.36822979297152875,0.8442708849026676,0.15572911509733256,0.17478982240348923,0.8252101775965107,preferred
SBER,SBERP,Sberbank,2018-07-16,2020-07-10,0.09220435542143068,0.9077956445785693,0.0015775508923031136,0.8923654979654476,0.4469715244288754,0.10763450203455237,0.998422449107697,0.5530284755711247,0.41280860150472987,0.5871913984952701,0.9844526353682624,0.015547364631737597,common
SBER,SBERP,Sberbank,2020-01-09,2021-12-28,0.08415774825981003,0.91584225174019,0.0010811287572458598,0.9098224218008959,0.4554517752790709,0.09017757819910402,0.998918871242754,0.544548224720929,0.42606956712847094,0.5739304328715291,0.9880732016115307,0.011926798388469379,common
SBER,SBERP,Sberbank,2022-07-28,2024-07-15,-4.936355840933927,5.936355840933927,0.24295428569981692,0.5937580613207925,0.4183561735103047,0.40624193867919695,0.7570457143001783,0.5816438264896876,0.024066177730636514,0.9759338222693634,0.42797593685518737,0.5720240631448127,preferred
MFGS,MFGSP,Slavneft Megionneftegaz,2000-02-01,2005-01-17,0.043248064736333594,0.9567519352636664,0.0003994746500413055,0.7442210148487738,0.37231024474940755,0.2557789851512262,0.9996005253499586,0.6276897552505925,0.22376720554317667,0.7762327944568234,0.9942256946188294,0.005774305381170628,common
MFGS,MFGSP,Slavneft Megionneftegaz,2005-01-18,2007-01-26,5.697964532499252,-4.697964532499252,0.46218328444146123,0.8897770151288098,0.6759801497851355,0.11022298487119032,0.5378167155585387,0.3240198502148645,0.6922201813982518,0.30777981860174813,0.7473934310803153,0.25260656891968475,common
MFGS,MFGSP,Slavneft Megionneftegaz,2007-01-29,2009-03-06,-0.24003464088833543,1.2400346408883354,0.04180349778674105,0.15340206865055198,0.09760278321864652,0.8465979313494479,0.958196502213259,0.9023972167813534,0.014303922136774179,0.9856960778632259,0.23792764600140331,0.7620723539985967,preferred
MFGS,MFGSP,Slavneft Megionneftegaz,2007-08-03,2009-09-04,-0.16029879731711788,1.160298797317118,0.020072250266141935,0.20384180685989262,0.11195702856301727,0.7961581931401076,0.9799277497338587,0.8880429714369831,0.033846652865109836,0.9661533471348902,0.45437143402217955,0.5456285659778205,preferred
MFGS,MFGSP,Slavneft Megionneftegaz,2008-02-06,2010-03-12,-0.13899250058067525,1.1389925005806754,0.013863936951519483,0.2253052221429388,0.11958457954722915,0.7746947778570614,0.9861360630484804,0.880415420452771,0.04056719518693704,0.9594328048130629,0.5533508520875036,0.4466491479124965,common
MFGS,MFGSP,Slavneft Megionneftegaz,2008-08-08,2010-09-09,-0.0742703241525501,1.07427032415255,0.0038347655906693246,0.30615867494734944,0.15499672026900937,0.6938413250526507,0.9961652344093306,0.8450032797309907,0.07341476151821627,0.9265852384817838,0.8756098750934561,0.12439012490654387,common
MFGS,MFGSP,Slavneft Megionneftegaz,2009-03-10,2011-03-17,-0.06625430288657391,1.066254302886574,0.00293661933216431,0.20759815646424196,0.10526738789820313,0.792401843535758,0.9970633806678357,0.8947326121017969,0.042105640709993994,0.957894359290006,0.7818996179376636,0.21810038206233642,common
MFGS,MFGSP,Slavneft Megionneftegaz,2009-09-07,2011-10-04,0.4456380858029546,0.5543619141970453,0.17879066775229427,0.6757783779732409,0.4272845228627676,0.32422162202675925,0.8212093322477058,0.5727154771372325,0.4052517580347322,0.5947482419652679,0.4627549532315847,0.5372450467684153,preferred
MFGS,MFGSP,Slavneft Megionneftegaz,2010-03-15,2012-05-14,0.3655730097844205,0.6344269902155796,0.1712437370574354,0.6114009254183539,0.3913223312378946,0.3885990745816462,0.8287562629425644,0.6086776687621054,0.3945452678866398,0.6054547321133602,0.5545317037855664,0.44546829621443373,common
MFGS,MFGSP,Slavneft Megionneftegaz,2011-03-18,2013-07-02,-0.8036987145163451,1.803698714516345,0.010850661481095947,0.21184043045887854,0.11134554596998725,0.7881595695411212,0.9891493385189041,0.8886544540300126,0.08053527548671863,0.9194647245132814,0.07327755656874216,0.9267224434312578,preferred
MFGS,MFGSP,Slavneft Megionneftegaz,2012-12-13,2015-08-26,0.08276607515509665,0.9172339248449033,0.00795661338027952,0.23730749986978736,0.12263205662503344,0.7626925001302124,0.9920433866197202,0.8773679433749664,0.09436560354368967,0.9056343964563103,0.7058291691318784,0.29417083086812157,common
MFGS,MFGSP,Slavneft Megionneftegaz,2013-07-03,2016-06-15,0.16986916964423998,0.83013083035576,0.035001801062807314,0.36880152345141815,0.20190166225711273,0.631198476548582,0.9649981989371926,0.7980983377428873,0.17911735314098623,0.8208826468590137,0.6044896055722727,0.3955103944277271,common
MFGS,MFGSP,Slavneft Megionneftegaz,2014-02-28,2017-02-27,0.10247752581984527,0.8975224741801546,0.012086615437078115,0.2593187679503755,0.1357026916937268,0.7406812320496243,0.9879133845629215,0.8642973083062729,0.1076545305089262,0.8923454694910739,0.654095007921982,0.34590499207801795,common
MFGS,MFGSP,Slavneft Megionneftegaz,2014-10-31,2017-11-01,-0.048314333308884655,1.0483143333088847,0.0025391472703053673,0.07957940112314485,0.04105927419672511,0.920420598876855,0.9974608527296945,0.9589407258032747,0.016514614905516284,0.9834853850944838,0.4632652868779997,0.5367347131220003,preferred
MFGS,MFGSP,Slavneft Megionneftegaz,2016-06-29,2019-02-14,0.19367093150786371,0.8063290684921363,0.04168779754166568,0.17972631497740676,0.11070705625953622,0.8202736850225931,0.9583122024583344,0.8892929437404637,0.09776864185259211,0.902231358147408,0.21174893303949352,0.7882510669605064,preferred
MFGS,MFGSP,Slavneft Megionneftegaz,2017-02-28,2019-10-03,0.6771169673841414,0.32288303261585866,0.3905482511570066,0.8897726653754257,0.6401604582662161,0.1102273346245745,0.6094517488429934,0.3598395417337839,0.6505011728370581,0.34949882716294195,0.4184872411655992,0.5815127588344007,preferred
MFGS,MFGSP,Slavneft Megionneftegaz,2017-11-02,2020-04-17,0.8059114450471991,0.19408855495280095,0.3899846615579784,0.9705075391313971,0.6802461003446878,0.029492460868602754,0.6100153384420216,0.3197538996553122,0.7182697363725329,0.2817302636274671,0.20791939684743188,0.7920806031525681,preferred
MFGS,MFGSP,Slavneft Megionneftegaz,2018-06-06,2020-10-30,0.7129939181073174,0.2870060818926826,0.2986762105762792,0.9435329778121494,0.6211045941942143,0.05646702218785096,0.7013237894237209,0.3788954058057859,0.6514879763673643,0.34851202363263567,0.3033363732913131,0.696663626708687,preferred
MFGS,MFGSP,Slavneft Megionneftegaz,2019-02-18,2021-05-07,0.7171035005368203,0.2828964994631797,0.42597362033234243,0.9182122786439406,0.6720929494881416,0.08178772135605933,0.5740263796676576,0.3279070505118584,0.6902547730115249,0.30974522698847506,0.3953340077488557,0.6046659922511443,preferred
MFGS,MFGSP,Slavneft Megionneftegaz,2019-10-04,2021-11-11,0.26411624159891334,0.7358837584010866,0.06956218855136725,0.5428665183472426,0.3062143534493049,0.45713348165275736,0.9304378114486326,0.693785646550695,0.28181010893983105,0.718189891060169,0.6019532519687543,0.39804674803124573,common
MFGS,MFGSP,Slavneft Megionneftegaz,2020-11-02,2022-12-22,-0.7875173865286814,1.7875173865286815,0.10286484235773118,0.1297631230486774,0.11631398270320428,0.8702368769513226,0.8971351576422687,0.8836860172967956,0.0022625706959235816,0.9977374293040765,0.08194402572632668,0.9180559742736734,preferred
MFGS,MFGSP,Slavneft Megionneftegaz,2021-11-12,2023-12-15,0.757031824802699,0.24296817519730107,0.3843858638747082,0.9512946402388469,0.6678402520567776,0.04870535976115313,0.6156141361252918,0.33215974794322245,0.6991389588138965,0.3008610411861036,0.29398999134080894,0.7060100086591912,preferred
MFGS,MFGSP,Slavneft Megionneftegaz,2022-06-27,2024-06-17,0.5090849669070665,0.49091503309293344,0.24281467100360535,0.7887449431687589,0.5157798070861821,0.2112550568312412,0.7571853289963946,0.4842201929138179,0.5237807832457037,0.4762192167542964,0.5133949586375562,0.48660504136244376,common
JNOS,JNOSP,Slavneft YANOS,2010-07-22,2013-01-29,0.7955406650112097,0.2044593349887904,0.6706814197692544,0.968461979134436,0.8195716994518452,0.03153802086556353,0.32931858023074567,0.1804283005481546,0.8649893896716383,0.1350106103283617,0.5767854519030228,0.42321454809697734,common
JNOS,JNOSP,Slavneft YANOS,2013-01-30,2016-11-30,-0.22320797668094267,1.2232079766809427,0.03604648595294079,0.059384650946133676,0.047715568449537234,0.9406153490538666,0.9639535140470593,0.9522844315504629,0.0012509412886701694,0.9987490587113299,0.07011294733515121,0.9298870526648488,preferred
JNOS,JNOSP,Slavneft YANOS,2016-12-01,2020-03-24,0.8830366738717973,0.11696332612820276,0.5921309768837,0.9901123791010077,0.7911216779923538,0.009887620898992101,0.40786902311630024,0.20887832200764617,0.8537695539634348,0.1462304460365652,0.2010711909369813,0.7989288090630188,preferred
JNOS,JNOSP,Slavneft YANOS,2018-01-09,2020-09-22,0.652232154629755,0.347767845370245,0.28694447157200015,0.9065431199750329,0.5967437957735165,0.09345688002496698,0.7130555284279997,0.40325620422648334,0.6139990767551179,0.38600092324488217,0.38369374697779884,0.6163062530222013,preferred
JNOS,JNOSP,Slavneft YANOS,2019-01-21,2021-03-26,0.3589169548840899,0.6410830451159101,0.09771453855045907,0.7142278925264897,0.4059712155384744,0.28577210747351045,0.9022854614495409,0.5940287844615257,0.38577555640260847,0.6142244435973916,0.598410102512123,0.401589897487877,common
JNOS,JNOSP,Slavneft YANOS,2019-09-16,2021-09-22,0.0006415512654593874,0.9993584487345406,2.613187287059359e-07,0.40924591742062527,0.204623089369677,0.5907540825793748,0.9999997386812715,0.7953769106303231,0.11998608951710543,0.8800139104828946,0.9999937733545603,6.22664543961085e-06,common
JNOS,JNOSP,Slavneft YANOS,2020-03-25,2022-04-19,0.2502515012889681,0.7497484987110319,0.028524025429763462,0.6304665172873881,0.3294952713585758,0.36953348271261194,0.9714759745702368,0.6705047286414244,0.23633966585564414,0.7636603341443559,0.6843002741379202,0.3156997258620797,common
JNOS,JNOSP,Slavneft YANOS,2020-09-23,2022-10-18,0.29642879200987343,0.7035712079901266,0.038416207265235716,0.6919838835268077,0.36520004539602174,0.30801611647319244,0.9615837927347644,0.6347999546039784,0.27626765956985805,0.7237323404301419,0.6508993710049414,0.34910062899505845,common
JNOS,JNOSP,Slavneft YANOS,2022-04-20,2024-04-10,1.3208970238802167,-0.32089702388021657,0.8171129256927306,0.960192787919461,0.8886528568060958,0.03980721208053861,0.18288707430726914,0.11134714319390387,0.9891066669311865,0.010893333068813502,0.7898822374549253,0.2101177625450749,common
STSB,STSBP,Stavropolenergosbyt,2008-12-25,2011-09-13,0.6231191045816014,0.37688089541839864,0.5736767053452758,0.7273724444502203,0.6505245748977481,0.2726275555497795,0.4263232946547243,0.34947542510225194,0.6474626439785902,0.35253735602140984,0.5589926353511387,0.44100736464886137,common
STSB,STSBP,Stavropolenergosbyt,2011-09-14,2015-01-22,1.3834568360886481,-0.3834568360886481,0.9617369244259549,0.9997326054518296,0.9807347649388922,0.00026739454817013896,0.038263075574045,0.01926523506110757,0.9851357273081943,0.014864272691805756,0.9950023269772759,0.004997673022724087,common
STSB,STSBP,Stavropolenergosbyt,2015-08-18,2017-08-24,-0.9900381306184834,1.9900381306184833,0.024254362086135604,0.4891044695363448,0.2566794158112402,0.5108955304636552,0.9757456379138644,0.7433205841887598,0.15870011483002933,0.8412998851699707,0.325135960276527,0.6748640397234729,preferred
SNGS,SNGSP,Surgutneftegas,2007-02-08,2009-02-16,0.31064930049680106,0.6893506995031988,0.04272914132485029,0.8304710869590883,0.4366001141419693,0.16952891304091175,0.9572708586751494,0.5633998858580306,0.41961547442277036,0.5803845255772296,0.7472930954738266,0.25270690452617345,common
SNGS,SNGSP,Surgutneftegas,2007-08-09,2009-08-17,0.3913355997503024,0.6086644002496977,0.07553825157791978,0.8570823784703021,0.46631031502411097,0.1429176215296979,0.9244617484220801,0.533689684975889,0.4751934880680125,0.5248065119319876,0.6487334596557179,0.35126654034428195,common
SNGS,SNGSP,Surgutneftegas,2009-02-17,2011-02-21,-2.134628435456992,3.134628435456992,0.0006253573937093122,0.5235797446676301,0.2621025510306697,0.47642025533236987,0.9993746426062905,0.7378974489693302,0.15481291073184586,0.8451870892681542,0.21387872442743167,0.7861212755725684,preferred
SNGS,SNGSP,Surgutneftegas,2011-02-22,2013-02-13,-2.077567088005714,3.077567088005714,0.000398120913006313,0.4370901783379191,0.2187441496254627,0.5629098216620808,0.9996018790869937,0.7812558503745373,0.13410339042482522,0.8658966095751748,0.14677579450263212,0.8532242054973679,preferred
SNGS,SNGSP,Surgutneftegas,2011-08-23,2013-08-13,-1.9160576150626938,2.916057615062694,0.005567372459126997,0.4263859379902104,0.2159766552246687,0.5736140620097897,0.9944326275408728,0.7840233447753313,0.14713285940500165,0.8528671405949984,0.1494894112511937,0.8505105887488064,preferred
SNGS,SNGSP,Surgutneftegas,2014-02-13,2016-02-11,-0.16954449720326648,1.1695444972032665,0.013157843301936978,0.18954655724027275,0.10135220027110486,0.8104534427597272,0.9868421566980629,0.8986477997288951,0.02204627408576325,0.9779537259142368,0.3770541533079853,0.6229458466920147,preferred
SNGS,SNGSP,Surgutneftegas,2014-08-14,2016-08-11,0.13045364098991985,0.8695463590100801,0.011242352379756272,0.34080482057759676,0.17602358647867652,0.6591951794224031,0.9887576476202433,0.8239764135213232,0.11532908349956242,0.8846709165004375,0.6697068850008109,0.33029311499918906,common
SNGS,SNGSP,Surgutneftegas,2015-02-12,2017-02-06,0.3544809510734328,0.6455190489265671,0.10438670083293218,0.49956748711504934,0.30197709397399075,0.5004325128849508,0.8956132991670682,0.6980229060260095,0.2605200250092499,0.73947997499075,0.3829604779995997,0.6170395220004002,preferred
SNGS,SNGSP,Surgutneftegas,2016-02-12,2018-02-05,0.41894258893939995,0.5810574110606,0.15457807849401733,0.6345611175813809,0.3945695980376991,0.36543888241861927,0.8454219215059828,0.605430401962301,0.3655023919317569,0.6344976080682432,0.44965696651789844,0.5503430334821016,preferred
SNGS,SNGSP,Surgutneftegas,2016-08-12,2018-08-02,-1.9780285048229052,2.9780285048229054,0.001433017721177224,0.3929364031452569,0.19718471043321706,0.6070635968547431,0.9985669822788232,0.8028152895667832,0.12884782876210893,0.871152171237891,0.12029434138096222,0.8797056586190377,preferred
SNGS,SNGSP,Surgutneftegas,2017-02-07,2019-01-30,-1.872760548346708,2.872760548346708,0.004874954074904376,0.3679372403548885,0.18640609721489645,0.6320627596451116,0.9951250459250959,0.8135939027851038,0.1315975905813106,0.8684024094186894,0.10994062196208522,0.8900593780379148,preferred
SNGS,SNGSP,Surgutneftegas,2017-08-09,2019-07-30,-1.4348098526866786,2.4348098526866786,0.005579293514067633,0.1639546351192849,0.08476696431667627,0.8360453648807151,0.9944207064859325,0.9152330356833238,0.046446064977856416,0.9535539350221436,0.024106475680694663,0.9758935243193053,preferred
SNGS,SNGSP,Surgutneftegas,2020-01-29,2022-01-19,-0.2861727881856645,1.2861727881856646,0.006943884298756045,0.14774880414263988,0.07734634422069797,0.8522511958573596,0.9930561157012435,0.9226536557793016,0.03827954686283371,0.9617204531371663,0.124307106820524,0.875692893179476,preferred
SNGS,SNGSP,Surgutneftegas,2022-01-20,2024-02-05,-0.9353437515060745,1.9353437515060745,0.04733944418375807,0.2967604611597452,0.17204995267175163,0.703239538840255,0.9526605558162421,0.8279500473282486,0.021804940824697024,0.978195059175303,0.15602802179316436,0.8439719782068356,preferred
TASB,TASBP,Tambov Energy Supply,2005-09-23,2008-02-07,-1.5879409402803124,2.5879409402803124,0.011297082812972096,0.1072561733365993,0.059276628074785696,0.8927438266634006,0.9887029171870279,0.9407233719252142,0.06335634860016752,0.9366436513998325,0.010435832629042425,0.9895641673709575,preferred
TASB,TASBP,Tambov Energy Supply,2008-09-23,2011-03-15,0.5873501343636918,0.41264986563630834,0.4798125503798758,0.7719993837290855,0.6259059670544806,0.22800061627091459,0.5201874496201244,0.3740940329455195,0.6335354730371441,0.36646452696285603,0.5801386449110132,0.4198613550889868,common
TASB,TASBP,Tambov Energy Supply,2009-12-11,2015-09-14,0.3933003176413938,0.6066996823586063,0.16973446611814438,0.6059250600236332,0.3878297630708888,0.39407493997636683,0.8302655338818558,0.6121702369291113,0.3757658125980561,0.624234187401944,0.4885102750163081,0.5114897249836919,preferred
TASB,TASBP,Tambov Energy Supply,2010-09-01,2016-11-09,0.3358559000243516,0.6641440999756483,0.10746578237819837,0.6036626753038744,0.3555642288410364,0.3963373246961255,0.8925342176218015,0.6444357711589634,0.33390088028138065,0.6660991197186195,0.5434638682933106,0.45653613170668933,common
TASB,TASBP,Tambov Energy Supply,2011-03-16,2017-07-27,0.23819422280764427,0.7618057771923558,0.049612901023958,0.5102045651946376,0.2799087331092978,0.4897954348053623,0.9503870989760421,0.7200912668907022,0.24063557164494168,0.7593644283550584,0.6071580423026087,0.3928419576973912,common
TASB,TASBP,Tambov Energy Supply,2012-04-19,2018-05-10,0.3342391789997705,0.6657608210002295,0.1018191732924726,0.6389632156652797,0.37039119447887614,0.3610367843347206,0.8981808267075277,0.6296088055211242,0.35109797775894974,0.6489020222410503,0.5786098688707297,0.4213901311292702,common
TASB,TASBP,Tambov Energy Supply,2015-09-15,2019-04-03,1.489799776927624,-0.489799776927624,0.888084758549558,0.9382857323089713,0.9131852454292646,0.06171426769102901,0.11191524145044186,0.08681475457073544,0.9998679693484461,0.0001320306515539378,0.9228363686838343,0.07716363131616566,common
TASB,TASBP,Tambov Energy Supply,2018-05-11,2020-12-24,-0.37549738253253995,1.3754973825325398,0.03996715971526449,0.13384730094051156,0.08690723032788802,0.8661526990594884,0.9600328402847352,0.9130927696721118,0.0016532425349726322,0.9983467574650273,0.1083840885964331,0.8916159114035669,preferred
TASB,TASBP,Tambov Energy Supply,2019-04-04,2021-06-24,-0.27658585534043784,1.276585855340438,0.04264374149748573,0.17488114425186843,0.10876244287467708,0.8251188557481315,0.9573562585025144,0.8912375571253229,0.014256349299801649,0.9857436507001983,0.24084663914031373,0.7591533608596863,preferred
TASB,TASBP,Tambov Energy Supply,2019-11-20,2021-12-20,-0.3315165293947308,1.3315165293947309,0.0435738489019511,0.19102040849553037,0.11729712869874073,0.8089795915044696,0.9564261510980492,0.8827028713012595,0.011820822201266864,0.9881791777987331,0.2217038821618977,0.7782961178381023,preferred
TASB,TASBP,Tambov Energy Supply,2020-06-19,2022-07-25,-0.44295579334377416,1.4429557933437742,0.05520646423068911,0.21769552459462996,0.13645099441265954,0.78230447540537,0.9447935357693108,0.8635490055873404,0.009351169789224793,0.9906488302107752,0.20945522017817703,0.7905447798218229,preferred
TASB,TASBP,Tambov Energy Supply,2020-12-25,2023-01-20,-0.49477570054445424,1.4947757005444542,0.07194222180427148,0.16959086944848553,0.12076654562637851,0.8304091305515144,0.9280577781957284,0.8792334543736214,0.003042066372706629,0.9969579336272935,0.14689952651016427,0.8531004734898358,preferred
TASB,TASBP,Tambov Energy Supply,2022-07-26,2024-07-15,1.989672846023601,-0.989672846023601,0.6944421420470854,0.8342666998391682,0.7643544209431268,0.16573330016083138,0.3055578579529146,0.235645579056873,0.9938887430523026,0.006111256947697515,0.722461251763016,0.27753874823698393,common
TATN,TATNP,Tatneft,2005-06-22,2007-06-25,1.7449958740005551,-0.7449958740005551,0.6569932837415324,0.894136271066952,0.7755647774042422,0.10586372893304749,0.34300671625846757,0.22443522259575754,0.9828923916704071,0.01710760832959297,0.6851952412733071,0.3148047587266928,common
TATN,TATNP,Tatneft,2005-12-15,2007-12-18,6.665023136009909,-5.665023136009909,0.4452036540309754,0.9908525777618524,0.7180281158964139,0.009147422238147582,0.5547963459690255,0.28197188410358653,0.8451765948170915,0.1548234051829085,0.8240857359357382,0.17591426406426172,common
TATN,TATNP,Tatneft,2006-06-23,2008-06-25,454.45579695578147,-453.45579695578147,0.2821168499531014,0.9868625722685982,0.6344897111108498,0.013137427731402062,0.7178831500468994,0.3655102888891507,0.6807451527150495,0.31925484728495035,0.7500066147296564,0.24999338527034373,common
TATN,TATNP,Tatneft,2006-12-18,2008-12-29,0.6694740046143765,0.3305259953856235,0.18087477601341004,0.972118004392612,0.576496390203011,0.02788199560738799,0.81912522398659,0.42350360979698903,0.6904082994070978,0.3095917005929022,0.311138953108575,0.6888610468914251,preferred
TATN,TATNP,Tatneft,2008-12-30,2011-01-11,-8.075140558707107,9.075140558707107,0.2631091367990367,0.9033442847779037,0.5832267107884702,0.09665571522209584,0.7368908632009634,0.4167732892115296,0.5702964696372705,0.4297035303627295,0.7120916326410237,0.28790836735897635,common
TATN,TATNP,Tatneft,2009-07-08,2011-07-12,1.6493721171667177,-0.6493721171667177,0.8725976841924192,0.8843865275316614,0.8784921058620403,0.11561347246833865,0.12740231580758068,0.12150789413795968,0.9997493866446702,0.0002506133553298043,0.8901395479650486,0.10986045203495141,common
TATN,TATNP,Tatneft,2012-01-06,2013-12-26,0.10186936560075988,0.8981306343992401,0.013695040260121808,0.43221388042959963,0.22295446034486072,0.5677861195704005,0.9863049597398783,0.7770455396551395,0.20150942829327217,0.7984905717067278,0.8648517395946677,0.13514826040533234,common
TATN,TATNP,Tatneft,2012-07-04,2014-07-03,-0.0880725817816081,1.0880725817816082,0.008590146236911192,0.19177825323320613,0.10018419973505865,0.8082217467667938,0.9914098537630889,0.8998158002649413,0.0450721520662719,0.9549278479337281,0.6542208171030715,0.3457791828969285,common
TATN,TATNP,Tatneft,2012-12-27,2014-12-26,0.0368578521400118,0.9631421478599882,0.0015909088347785493,0.3109552225343685,0.15627306568457353,0.6890447774656314,0.9984090911652213,0.8437269343154263,0.11615166507053033,0.8838483349294697,0.9590588452300424,0.040941154769957674,common
TATN,TATNP,Tatneft,2013-12-27,2015-12-28,0.7387357902668339,0.26126420973316605,0.5476541783351812,0.961279735732049,0.7544669570336151,0.03872026426795127,0.45234582166481874,0.245533042966385,0.8271916366596085,0.1728083633403915,0.5414902784358883,0.4585097215641118,common
TATN,TATNP,Tatneft,2014-07-04,2016-07-01,0.5907623119279789,0.409237688072021,0.4092995173539356,0.9022362577875732,0.6557678875707544,0.09776374221242667,0.5907004826460642,0.34423211242924545,0.7287348987493883,0.27126510125061176,0.6352360410810998,0.3647639589189003,common
TATN,TATNP,Tatneft,2014-12-29,2016-12-26,0.1505180443240819,0.8494819556759181,0.035151836006053545,0.4581086394318808,0.24663023771896717,0.5418913605681192,0.9648481639939462,0.7533697622810327,0.24438583871017125,0.7556141612898287,0.7734254995828119,0.22657450041718805,common
TATN,TATNP,Tatneft,2019-06-20,2021-06-14,2.283392315844732,-1.2833923158447318,0.4865673646129915,0.8662053873428446,0.6763863759779181,0.13379461265715542,0.5134326353870079,0.32361362402208166,0.9646522296317352,0.03534777036826481,0.5798402470006775,0.4201597529993227,common
TATN,TATNP,Tatneft,2019-12-13,2021-12-07,1.0252300416532232,-0.02523004165322318,0.092773464168686,0.9999505946255638,0.5463620293971249,4.9405374436219605e-05,0.9072265358313142,0.4536379706028752,0.6779120834050412,0.3220879165949589,0.0008777162811043286,0.9991222837188958,preferred
TATN,TATNP,Tatneft,2020-06-18,2022-07-06,0.31141572131574874,0.6885842786842512,0.017587912205798802,0.9253136030985737,0.47145075765218625,0.07468639690142627,0.9824120877942011,0.5285492423478136,0.4512727186294472,0.5487272813705528,0.7954955177551495,0.20450448224485054,common
TATN,TATNP,Tatneft,2020-12-15,2022-12-29,0.602621051418907,0.39737894858109296,0.07032207039351655,0.9735181305300885,0.5219201004618025,0.026481869469911358,0.9296779296064833,0.47807989953819735,0.5751875728994368,0.4248124271005633,0.3413411893635837,0.6586588106364164,preferred
TATN,TATNP,Tatneft,2022-07-07,2024-06-24,-0.7130791542330704,1.7130791542330706,0.07454609441750168,0.6157748766036973,0.3451604855105995,0.38422512339630277,0.9254539055824983,0.6548395144894006,0.1060759512186018,0.8939240487813982,0.6158923026600934,0.38410769733990663,common
TGKB,TGKBP,TGC-2,2008-08-27,2010-10-04,0.2523285376184339,0.7476714623815661,0.06134471176875224,0.2575104131619261,0.15942756246533915,0.7424895868380741,0.9386552882312482,0.8405724375346612,0.1375069122912547,0.8624930877087453,0.2400284512416691,0.7599715487583308,preferred
TGKB,TGKBP,TGC-2,2009-04-03,2011-04-11,-1.8046820867963296,2.8046820867963294,3.6444351963971317e-09,0.2706900766766999,0.13534504016056756,0.7293099233233004,0.9999999963555647,0.8646549598394325,0.08920982786971178,0.9107901721302882,0.055872187397900244,0.9441278126020997,preferred
TGKB,TGKBP,TGC-2,2009-10-01,2011-10-14,0.827472890811898,0.172527109188102,0.4640832744070868,0.9570362315735426,0.7105597529903147,0.04296376842645725,0.5359167255929134,0.2894402470096853,0.7051009722993413,0.2948990277006587,0.20760288969567814,0.7923971103043218,preferred
TGKB,TGKBP,TGC-2,2010-04-08,2012-05-14,0.842438272250404,0.1575617277495961,0.41790245856333547,0.964411898375213,0.6911571784692743,0.03558810162478685,0.5820975414366645,0.3088428215307257,0.6757152726989138,0.32428472730108626,0.1490721901022871,0.8509278098977129,preferred
TGKB,TGKBP,TGC-2,2010-10-05,2012-11-27,0.5755177876214971,0.42448221237850287,0.2444140608986367,0.7147498938651019,0.4795819773818693,0.2852501061348984,0.7555859391013633,0.5204180226181309,0.4299496034416277,0.5700503965583722,0.31599580003348,0.68400419996652,preferred
TGKB,TGKBP,TGC-2,2011-04-12,2013-07-26,0.7289760363258116,0.27102396367418824,0.4467771982658684,0.8417272456292817,0.644252221947575,0.15827275437071847,0.5532228017341316,0.3557477780524251,0.61019014984194,0.38980985015805997,0.3119259556377991,0.6880740443622009,preferred
TGKB,TGKBP,TGC-2,2011-10-17,2014-03-04,0.8487225019020312,0.15127749809796873,0.6003695502336824,0.9533464517290685,0.7768580009813755,0.04665354827093155,0.39963044976631756,0.22314199901862455,0.7674110834688872,0.23258891653111274,0.27801399559452894,0.7219860044054711,preferred
TGKB,TGKBP,TGC-2,2012-05-15,2014-11-11,0.9880415319639996,0.011958468036000468,0.806142356881913,0.9996357853304746,0.9028890711061939,0.00036421466952541094,0.19385764311808695,0.09711092889380618,0.9136098949448399,0.08639010505516018,0.012504558671566874,0.9874954413284331,preferred
TGKB,TGKBP,TGC-2,2017-05-04,2019-05-23,0.3558293575393535,0.6441706424606465,0.07698145062231694,0.6910062169411946,0.3839938337817558,0.3089937830588056,0.9230185493776834,0.6160061662182444,0.3307855957564412,0.6692144042435587,0.5601482649562036,0.4398517350437964,common
TGKB,TGKBP,TGC-2,2018-05-07,2020-05-26,-0.8248987197498332,1.8248987197498332,0.13143013588344984,0.2571646045531899,0.1942973702183199,0.7428353954468099,0.8685698641165506,0.8057026297816803,0.003961970618660832,0.9960380293813392,0.22155775388742094,0.7784422461125791,preferred
TGKB,TGKBP,TGC-2,2018-11-19,2020-11-23,-1.710403648800213,2.710403648800213,0.12690913471927823,0.30532992920173446,0.21611953196050634,0.694670070798266,0.873090865280722,0.783880468039494,0.016114588907831552,0.9838854110921683,0.16028441044807176,0.8397155895519282,preferred
TGKB,TGKBP,TGC-2,2019-05-24,2021-05-24,-2.8904802929969415,3.8904802929969415,0.03406116220681041,0.48780035509696645,0.2609307586518884,0.5121996449030333,0.9659388377931896,0.7390692413481115,0.09037625822978304,0.909623741770217,0.18421411307610358,0.8157858869238964,preferred
TGKB,TGKBP,TGC-2,2019-11-22,2021-11-16,-4.858485759143108,5.858485759143108,0.0011914372866208983,0.6661453397154978,0.33366838850105934,0.33385466028450117,0.9988085627133786,0.6663316114989399,0.2004925266713975,0.7995074733286025,0.26718520733088325,0.7328147926691169,preferred
TGKB,TGKBP,TGC-2,2020-05-27,2022-06-17,0.15289176947597066,0.8471082305240293,0.011668082144142037,0.714554904449097,0.3631114932966195,0.28544509555090286,0.9883319178558579,0.6368885067033804,0.30495251819702085,0.6950474818029793,0.9089123976143102,0.09108760238568978,common
TGKB,TGKBP,TGC-2,2020-11-24,2022-12-12,0.5048197287749069,0.49518027122509317,0.12022615327608097,0.8993383961826719,0.5097822747293764,0.10066160381732786,0.879773846723919,0.49021772527062346,0.532249068397767,0.467750931602233,0.5099259858989281,0.490074014101072,common
VRSB,VRSBP,TNS Energo Voronezh,2006-07-28,2017-06-27,0.11192898323304735,0.8880710167669525,0.009255115838125473,0.3428779002074844,0.17606650802280494,0.6571220997925156,0.9907448841618743,0.823933491977195,0.11939675610424225,0.8806032438957577,0.7419097428373149,0.2580902571626851,common
VRSB,VRSBP,TNS Energo Voronezh,2008-02-21,2019-04-10,0.1808150047645052,0.8191849952354948,0.028369858075413056,0.4254425299566112,0.2269061940160121,0.5745574700433888,0.9716301419245869,0.7730938059839878,0.18206483411046248,0.8179351658895375,0.6387501600095903,0.3612498399904098,common
VRSB,VRSBP,TNS Energo Voronezh,2009-09-28,2019-10-31,1.0929009348027825,-0.09290093480278253,0.7171269582576498,0.995608164256281,0.8563675612569654,0.004391835743719259,0.28287304174235006,0.14363243874303466,0.946309139782142,0.05369086021785796,0.2043654793798084,0.7956345206201916,preferred
VRSB,VRSBP,TNS Energo Voronezh,2013-04-26,2020-06-01,0.8182886228172617,0.18171137718273833,0.7409331986258781,0.9767756065647938,0.858854402595336,0.023224393435206322,0.2590668013741219,0.14114559740466412,0.9000003234237479,0.09999967657625206,0.6461191934805242,0.35388080651947573,common
VRSB,VRSBP,TNS Energo Voronezh,2019-04-11,2021-06-02,-0.44823229788945024,1.4482322978894502,0.08527783807367857,0.11007093794049895,0.09767438800708876,0.889929062059501,0.9147221619263212,0.9023256119929111,0.00043870388885963035,0.9995612961111404,0.1089902051226037,0.8910097948773964,preferred
MISB,MISBP,TNS Energo Mari El,2007-02-20,2019-12-11,0.3642921493461115,0.6357078506538885,0.09802414570855815,0.6118991632962831,0.3549616545024206,0.3881008367037167,0.9019758542914418,0.6450383454975792,0.3084314278681357,0.6915685721318642,0.4797525546083202,0.5202474453916798,preferred
MISB,MISBP,TNS Energo Mari El,2008-02-06,2020-06-18,0.49215809610221956,0.5078419038977805,0.17690547478991708,0.7533554050644765,0.4651304399271968,0.2466445949355238,0.8230945252100829,0.5348695600728033,0.43593157481220046,0.5640684251877994,0.4460435036487898,0.55395649635121,preferred
MISB,MISBP,TNS Energo Mari El,2013-03-27,2020-12-15,0.32028889772321717,0.6797111022767828,0.12018457627903646,0.49838361270524867,0.30928409449214256,0.5016163872947512,0.8798154237209634,0.6907159055078573,0.29398185849661257,0.7060181415033875,0.4745101738656881,0.5254898261343119,preferred
MISB,MISBP,TNS Energo Mari El,2018-04-28,2021-06-16,0.15609371619369466,0.8439062838063054,0.02586844917379183,0.4708134566070168,0.2483409528904043,0.5291865433929832,0.9741315508262081,0.7516590471095956,0.21827776915639652,0.7817222308436035,0.7613707488469906,0.23862925115300923,common
MISB,MISBP,TNS Energo Mari El,2020-06-19,2022-07-14,30.558861227473688,-29.558861227473688,0.09238876591246448,0.7028976104952243,0.39764318820384437,0.29710238950477547,0.9076112340875354,0.6023568117961554,0.3956247726470611,0.6043752273529388,0.2896402211957119,0.7103597788042881,preferred
MISB,MISBP,TNS Energo Mari El,2020-12-16,2023-01-09,-1.62658770627524,2.62658770627524,0.02473874249168973,0.23283496985982655,0.12878685617575814,0.7671650301401735,0.9752612575083104,0.8712131438242419,0.04479998918562548,0.9552000108143746,0.05390838042465049,0.9460916195753496,preferred
NNSB,NNSBP,TNS Energo Nizhny Novgorod,2006-11-01,2012-10-12,-0.31360247881742537,1.3136024788174254,0.06636927477681467,0.08479027832463341,0.07557977655072404,0.9152097216753666,0.9336307252231856,0.9244202234492761,0.0011979846920773104,0.9988020153079227,0.1049729576128149,0.895027042387185,preferred
NNSB,NNSBP,TNS Energo Nizhny Novgorod,2010-08-17,2013-05-15,0.339764526396288,0.6602354736037119,0.0856602020394733,0.7145780215446096,0.40011911179204146,0.28542197845539036,0.9143397979605267,0.5998808882079585,0.37949448505878347,0.6205055149412165,0.6268553849172965,0.37314461508270347,common
NNSB,NNSBP,TNS Energo Nizhny Novgorod,2011-08-26,2014-04-30,0.10855359338688447,0.8914464066131156,0.005983519661587822,0.6588967395087322,0.33244012958516,0.3411032604912678,0.9940164803384124,0.6675598704148401,0.25710274668626665,0.7428972533137335,0.9435803513400499,0.05641964865995013,common
NNSB,NNSBP,TNS Energo Nizhny Novgorod,2012-03-29,2016-07-06,0.08834744466903159,0.9116525553309683,0.011323853148145,0.22618929495014073,0.11875657404914286,0.773810705049859,0.9886761468518551,0.881243425950857,0.10067841942880087,0.8993215805711992,0.6591361894726825,0.3408638105273175,common
NNSB,NNSBP,TNS Energo Nizhny Novgorod,2016-07-07,2020-08-31,0.41813022193724886,0.5818697780627512,0.2680311173980413,0.7278042372959365,0.4979176773469889,0.27219576270406387,0.731968882601959,0.5020823226530114,0.5365628944147431,0.46343710558525697,0.6557132819553806,0.34428671804461936,common
NNSB,NNSBP,TNS Energo Nizhny Novgorod,2019-01-14,2021-02-26,2.9155199068158497,-1.91551990681585,0.7212631970487304,0.9831415438639541,0.8522023704563423,0.016858456136046012,0.2787368029512697,0.14779762954365785,0.9386040775751824,0.06139592242481758,0.9348590229313444,0.06514097706865565,common
NNSB,NNSBP,TNS Energo Nizhny Novgorod,2021-03-01,2023-03-29,0.8317206210377138,0.16827937896228623,0.3758360476970112,0.9873705928166087,0.6816033202568099,0.012629407183391301,0.6241639523029889,0.31839667974319014,0.7777182262499336,0.22228177375006636,0.15796575614660355,0.8420342438533964,preferred
NNSB,NNSBP,TNS Energo Nizhny Novgorod,2021-08-25,2023-09-25,0.8650154309878652,0.13498456901213485,0.30755156307922116,0.9920491136468864,0.6498003383630537,0.007950886353113551,0.6924484369207791,0.3501996616369463,0.7327657368810493,0.2672342631189506,0.07735421163950025,0.9226457883604998,preferred
NNSB,NNSBP,TNS Energo Nizhny Novgorod,2022-02-21,2024-03-22,0.4512294885407695,0.5487705114592304,0.08174935745861646,0.8763144735290752,0.47903191549384583,0.12368552647092494,0.9182506425413837,0.5209680845061543,0.4625161405599573,0.5374838594400427,0.5556597287041042,0.4443402712958957,common
RTSB,RTSBP,TNS Energo Rostov,2005-12-27,2008-04-07,0.8718738794961426,0.1281261205038574,0.7780449374289793,0.9799988817119785,0.8790219095704789,0.020001118288021685,0.2219550625710205,0.12097809042952108,0.8987073075595919,0.10129269244040803,0.5327384336448884,0.46726156635511173,common
RTSB,RTSBP,TNS Energo Rostov,2006-08-09,2008-12-17,-0.4615981106280765,1.4615981106280764,0.004293817027141864,0.07136220156015967,0.037828009293650766,0.9286377984398401,0.9957061829728582,0.9621719907063491,0.01348870289029178,0.9865112971097083,0.015260570936279977,0.98473942906372,preferred
RTSB,RTSBP,TNS Energo Rostov,2008-04-08,2010-08-23,-0.9087128826797255,1.9087128826797255,0.023819892492722847,0.16731140347543408,0.09556564798407846,0.832688596524566,0.9761801075072774,0.9044343520159217,0.08594012126936691,0.914059878730633,0.04694561600856862,0.9530543839914315,preferred
RTSB,RTSBP,TNS Energo Rostov,2008-12-18,2011-02-25,0.6446275095056823,0.35537249049431774,0.5536150352555276,0.8570369546120006,0.705325994933764,0.14296304538799948,0.44638496474447226,0.29467400506623587,0.7244367443874957,0.2755632556125043,0.6351948833738955,0.36480511662610443,common
RTSB,RTSBP,TNS Energo Rostov,2010-08-24,2012-10-03,-2.4448373891323003,3.4448373891323003,0.0015220656682376009,0.5122269880384206,0.2568745268533291,0.48777301196157985,0.9984779343317622,0.743125473146671,0.1636691917199501,0.8363308082800499,0.191737730537343,0.8082622694626571,preferred
RTSB,RTSBP,TNS Energo Rostov,2011-02-28,2013-06-21,0.09775370202214333,0.9022462979778567,0.005079174001259881,0.5045385664125364,0.25480887020689813,0.49546143358746353,0.9949208259987401,0.7451911297931018,0.16472085185022542,0.8352791481497747,0.9087625955707547,0.09123740442924531,common
RTSB,RTSBP,TNS Energo Rostov,2011-08-30,2015-01-21,-0.16772673797575438,1.1677267379757543,0.023333677593312188,0.08970451052773983,0.05651909406052601,0.9102954894722602,0.9766663224066879,0.9434809059394741,0.007730069436605798,0.9922699305633942,0.14816844550366223,0.8518315544963377,preferred
RTSB,RTSBP,TNS Energo Rostov,2012-03-07,2016-12-26,-0.04102747350313703,1.041027473503137,0.0018149300292627953,0.11145768211650946,0.056636306072886125,0.8885423178834905,0.9981850699707373,0.9433636939271139,0.026060173112373575,0.9739398268876265,0.6988525474255253,0.3011474525744746,common
RTSB,RTSBP,TNS Energo Rostov,2012-10-05,2018-05-03,-0.08966518038109174,1.0896651803810917,0.011564989289855405,0.042162090478019124,0.026863539883937262,0.9578379095219809,0.988435010710145,0.9731364601160629,0.005217736241295027,0.9947822637587049,0.10115812749018471,0.8988418725098153,preferred
RTSB,RTSBP,TNS Energo Rostov,2013-06-24,2019-07-12,-0.1916548298718693,1.1916548298718694,0.0015577784780037769,0.05219567476662876,0.026876726622316268,0.9478043252333712,0.9984422215219961,0.9731232733776837,0.0051561032004214325,0.9948438967995785,0.028645486988086208,0.9713545130119138,preferred
RTSB,RTSBP,TNS Energo Rostov,2015-01-22,2020-05-08,-0.24119407382483843,1.2411940738248384,0.005335117566767978,0.08035336133117355,0.04284423944897076,0.9196466386688263,0.9946648824332318,0.957155760551029,0.005309111901519259,0.9946908880984808,0.050386329202982826,0.9496136707970171,preferred
RTSB,RTSBP,TNS Energo Rostov,2016-12-28,2020-11-18,0.1597261862901773,0.8402738137098228,0.04704630003300089,0.33596503622153806,0.1915056681272695,0.6640349637784622,0.9529536999669989,0.8084943318727305,0.19093144359249298,0.8090685564075071,0.6082640500166742,0.3917359499833259,common
RTSB,RTSBP,TNS Energo Rostov,2018-05-04,2021-06-02,0.19591832853132146,0.8040816714686785,0.04927408898873665,0.39157782233926697,0.2204259556640018,0.608422177660733,0.9507259110112632,0.7795740443359982,0.20333092636986247,0.7966690736301376,0.5738640890509598,0.42613591094904024,common
RTSB,RTSBP,TNS Energo Rostov,2019-07-15,2021-12-02,0.1061602822730086,0.8938397177269913,0.0071032951301567135,0.43189190668507604,0.21949760090761639,0.5681080933149241,0.9928967048698433,0.7805023990923836,0.14515094724246594,0.8548490527575341,0.8486381839574063,0.15136181604259366,common
RTSB,RTSBP,TNS Energo Rostov,2020-05-12,2022-07-08,0.35150988908760317,0.6484901109123968,0.08316069202882395,0.6982834936289776,0.39072209282890075,0.30171650637102265,0.9168393079711762,0.6092779071710994,0.3519615641885284,0.6480384358114716,0.5832822136507017,0.4167177863492983,common
RTSB,RTSBP,TNS Energo Rostov,2020-11-19,2023-01-04,0.15202604561274483,0.8479739543872551,0.012346427981245548,0.5813529421603558,0.2968496850708007,0.41864705783964434,0.9876535720187547,0.7031503149291995,0.21380532023273655,0.7861946797672633,0.8472128968994909,0.15278710310050916,common
RTSB,RTSBP,TNS Energo Rostov,2021-06-04,2023-07-05,0.3079056100146935,0.6920943899853064,0.048970056977107865,0.7596224422074819,0.4042962495922949,0.24037755779251832,0.9510299430228922,0.5957037504077053,0.3604418490942281,0.639558150905772,0.6994472258015101,0.3005527741984899,common
YRSB,YRSBP,TNS Energo Yaroslavl,2008-11-14,2019-12-06,0.3316112100282627,0.6683887899717372,0.08395337901866516,0.5498559663290111,0.31690467267383815,0.4501440336709889,0.9160466209813346,0.6830953273261617,0.26914054402652865,0.7308594559734714,0.46648701458838804,0.5335129854116121,preferred
YRSB,YRSBP,TNS Energo Yaroslavl,2009-09-16,2020-06-29,0.8310861867902977,0.16891381320970228,0.5402734343702277,0.9727299691409854,0.7565017017556066,0.027270030859014676,0.4597265656297727,0.2434982982443937,0.7945680301374369,0.20543196986256304,0.28505975466711214,0.7149402453328879,preferred
YRSB,YRSBP,TNS Energo Yaroslavl,2012-10-17,2021-01-19,1.2149943250481672,-0.21499432504816707,0.8888832300556325,0.9792381126022272,0.9340606713289299,0.020761887397772644,0.11111676994436721,0.06593932867106993,0.9936839052372423,0.006316094762757705,0.8626938260969251,0.1373061739030749,common
YRSB,YRSBP,TNS Energo Yaroslavl,2017-09-11,2021-08-10,1.1873173333555123,-0.18731733335551215,0.8756994684877926,0.9882537281271824,0.9319765983074875,0.011746271872817292,0.12430053151220728,0.06802340169251228,0.9920551856967057,0.007944814303294311,0.8236996274760974,0.17630037252390263,common
YRSB,YRSBP,TNS Energo Yaroslavl,2019-12-09,2022-02-21,1.459436285110148,-0.45943628511014784,0.9441486519742418,0.9575633820385714,0.9508560170064067,0.04243661796142846,0.0558513480257582,0.049143982993593335,0.9991777268662277,0.0008222731337722348,0.9737529988612735,0.02624700113872646,common
YRSB,YRSBP,TNS Energo Yaroslavl,2020-06-30,2022-10-18,0.700333093354088,0.299666906645912,0.5832198763555049,0.9372244304248946,0.7602221533901997,0.06277556957510523,0.41678012364449496,0.2397778466098001,0.8128291025221739,0.1871708974778262,0.6479468786459001,0.3520531213541,common
YRSB,YRSBP,TNS Energo Yaroslavl,2021-01-20,2023-04-19,0.5803225973094375,0.41967740269056264,0.40763157954389717,0.8370932092714254,0.6223623944076613,0.1629067907285745,0.5923684204561026,0.37763760559233855,0.6518963887772411,0.34810361122275896,0.5868550638465214,0.41314493615347847,common
YRSB,YRSBP,TNS Energo Yaroslavl,2021-08-11,2023-10-16,1.13361421977885,-0.13361421977884994,0.4828880364569078,0.9944808040347862,0.738684420245847,0.005519195965213852,0.5171119635430921,0.261315579754153,0.888014434185984,0.11198556581401603,0.09991808414398205,0.9000819158560179,preferred
YRSB,YRSBP,TNS Energo Yaroslavl,2022-02-22,2024-04-12,0.7003334209969302,0.2996665790030698,0.22758853927049685,0.9673393252663504,0.5974639322684236,0.03266067473364954,0.772411460729503,0.40253606773157624,0.6825394695789804,0.3174605304210197,0.2874187483391078,0.7125812516608923,preferred
WTCM,WTCMP,World Trade Center Moscow,2007-10-30,2012-11-14,0.4985128212463502,0.5014871787536498,0.2442898916448444,0.5041309814110354,0.3742104365279399,0.49586901858896437,0.7557101083551555,0.6257895634720599,0.34674424655144875,0.6532557534485512,0.26571084325200317,0.7342891567479969,preferred
WTCM,WTCMP,World Trade Center Moscow,2009-09-25,2014-09-22,0.9238355180518704,0.07616448194812965,0.8583470536170367,0.9913947431973825,0.9248708984072096,0.008605256802617154,0.14165294638296325,0.0751291015927902,0.9370174918818744,0.06298250811812554,0.5074031404614374,0.4925968595385625,common
WTCM,WTCMP,World Trade Center Moscow,2010-09-28,2016-08-22,-4.187051104527409,5.187051104527409,0.1640291412248004,0.366365114925087,0.26519712807494367,0.6336348850749131,0.8359708587751995,0.7348028719250563,0.268867490969994,0.731132509030006,0.1665996715179766,0.8334003284820235,preferred
WTCM,WTCMP,World Trade Center Moscow,2011-11-01,2017-07-27,-3.1241904098725763,4.124190409872576,0.16326823489483128,0.3461642678235667,0.25471625135919895,0.6538357321764332,0.8367317651051688,0.745283748640801,0.25662801507317234,0.7433719849268277,0.16912510193914576,0.8308748980608542,preferred
WTCM,WTCMP,World Trade Center Moscow,2012-11-19,2018-06-07,2.8158152274697055,-1.8158152274697057,0.5932400763340395,0.7868791647584615,0.6900596205462506,0.21312083524153824,0.40675992366596053,0.3099403794537494,0.6997095097314527,0.30029049026854726,0.6733468136309299,0.32665318636907,common
WTCM,WTCMP,World Trade Center Moscow,2014-09-23,2019-04-30,1.5412316226333456,-0.5412316226333457,0.8758404321295987,0.9485265791470386,0.9121835056383187,0.05147342085296156,0.12415956787040136,0.08781649436168146,0.9163013595886351,0.08369864041136492,0.9300985438934233,0.06990145610657679,common
WTCM,WTCMP,World Trade Center Moscow,2016-08-23,2019-12-03,2.2471235444679625,-1.2471235444679625,0.7062798201776009,0.8297723546398662,0.7680260874087336,0.1702276453601337,0.29372017982239934,0.23197391259126654,0.7731218477692781,0.226878152230722,0.771495526379491,0.22850447362050902,common
WTCM,WTCMP,World Trade Center Moscow,2017-07-28,2020-06-05,0.2363017164152519,0.7636982835847481,0.044944579471600264,0.4876624685864784,0.26630352402903934,0.5123375314135217,0.9550554205283998,0.7336964759709608,0.2190549181533589,0.780945081846641,0.5791315403903617,0.42086845960963815,common
WTCM,WTCMP,World Trade Center Moscow,2018-06-09,2020-12-03,0.5920104300756648,0.4079895699243352,0.24497902629208215,0.8866933293420152,0.5658361778170486,0.11330667065798447,0.7550209737079179,0.4341638221829512,0.589208558335717,0.41079144166428316,0.4465055346372219,0.553494465362778,preferred
WTCM,WTCMP,World Trade Center Moscow,2019-05-02,2021-06-03,0.8746734439190624,0.12532655608093757,0.35720406904899443,0.9924394933840599,0.6748217812165271,0.007560506615940291,0.6427959309510056,0.32517821878347297,0.7599309068612228,0.24006909313877728,0.08123343182880961,0.9187665681711903,preferred
WTCM,WTCMP,World Trade Center Moscow,2019-12-04,2021-11-26,0.6104278517397712,0.38957214826022873,0.17093354780894487,0.9299872030159837,0.5504603754124643,0.07001279698401675,0.8290664521910551,0.44953962458753594,0.5782386840627783,0.4217613159372216,0.3791494096875939,0.6208505903124061,preferred
WTCM,WTCMP,World Trade Center Moscow,2020-06-08,2022-06-29,-0.02166301101794995,1.0216630110179499,0.00033168246421713535,0.30140152703203066,0.15086660474812388,0.6985984729679696,0.999668317535783,0.8491333952518763,0.07942107350189086,0.9205789264981091,0.9859574466729335,0.014042553327066387,common
WTCM,WTCMP,World Trade Center Moscow,2020-12-04,2022-12-22,-0.014362081702500404,1.0143620817025003,0.00013141974658342732,0.3283198904630454,0.1642256551048144,0.6716801095369547,0.9998685802534164,0.8357743448951855,0.08586583289518813,0.9141341671048119,0.9948346974702259,0.005165302529774088,common
WTCM,WTCMP,World Trade Center Moscow,2022-06-30,2024-06-17,0.6139588337790939,0.38604116622090606,0.21462705799995033,0.9348223831800673,0.5747247205900088,0.06517761681993298,0.7853729420000499,0.42527527940999144,0.6389589436375552,0.3610410563624448,0.4192972948751169,0.5807027051248831,preferred
CNTL,CNTLP,Central Telegraph,2012-12-21,2015-09-15,1.0615264160686873,-0.06152641606868737,0.8622549115346987,0.9973071429246801,0.9297810272296894,0.00269285707532003,0.13774508846530126,0.07021897277031064,0.9745682031024663,0.025431796897533686,0.37067270545711406,0.6293272945428858,preferred
CNTL,CNTLP,Central Telegraph,2013-07-15,2016-05-20,1.2165057212680563,-0.21650572126805617,0.9500382266867136,0.9789592591878639,0.9644987429372887,0.021040740812136357,0.04996177331328641,0.035501257062711386,0.9994623444606805,0.0005376555393195345,0.9589811248317203,0.041018875168279685,common
CNTL,CNTLP,Central Telegraph,2015-09-16,2018-04-02,0.041986684592237256,0.9580133154077628,0.0017239824698378457,0.16653636574846167,0.08413017410914976,0.8334636342515382,0.9982760175301619,0.9158698258908501,0.053987609875110996,0.946012390124889,0.8145726382605832,0.18542736173941674,common
CNTL,CNTLP,Central Telegraph,2016-05-26,2018-10-16,-0.012267914597332147,1.0122679145973321,0.0001254642500534029,0.15752603198342588,0.07882574811673965,0.8424739680165739,0.9998745357499463,0.9211742518832602,0.039159299938193504,0.9608407000618066,0.9803359552202696,0.019664044779730404,common
CNTL,CNTLP,Central Telegraph,2016-12-21,2019-04-22,0.15612713105375609,0.8438728689462439,0.02236990050429389,0.3370453885246048,0.17970764451444934,0.662954611475395,0.9776300994957058,0.8202923554855504,0.1402895313466818,0.8597104686533182,0.583705473452053,0.41629452654794696,common
CNTL,CNTLP,Central Telegraph,2017-09-27,2019-10-17,0.7987632066979702,0.20123679330202981,0.29805182080533954,0.9726457693006486,0.6353487950529941,0.02735423069935158,0.7019481791946605,0.36465120494700604,0.6623563519500212,0.3376436480499788,0.1615556124681658,0.8384443875318343,preferred
CNTL,CNTLP,Central Telegraph,2018-04-03,2020-04-20,-1.9492979891285098,2.94929798912851,0.006260240436361461,0.45704010957618413,0.2316501750062728,0.5429598904238154,0.9937397595636381,0.7683498249937268,0.10255414919375651,0.8974458508062435,0.17223951775855564,0.8277604822414444,preferred
CNTL,CNTLP,Central Telegraph,2018-10-17,2020-10-19,-1.2890722149979776,2.2890722149979776,0.22622190113119697,0.26849176909996564,0.24735683511558132,0.7315082309000339,0.7737780988688031,0.7526431648844185,0.0004371926030003624,0.9995628073969997,0.25406073408642743,0.7459392659135726,preferred
CNTL,CNTLP,Central Telegraph,2019-04-23,2021-04-19,1.6743626310309074,-0.6743626310309074,0.4685966498457584,0.9238134979077113,0.6962050738767348,0.07618650209228844,0.5314033501542413,0.30379492612326486,0.9294011469470514,0.07059885305294844,0.4600212835310575,0.5399787164689426,preferred
CNTL,CNTLP,Central Telegraph,2020-04-21,2022-05-13,0.059829431834634156,0.9401705681653658,0.0006912995480638239,0.761963400819134,0.3813273501835989,0.23803659918086587,0.9993087004519363,0.6186726498164011,0.22695041987466763,0.7730495801253324,0.9894527933222165,0.010547206677783562,common
KCHE,KCHEP,Kamchatskenergo,2008-09-23,2013-02-07,0.2950645883639711,0.7049354116360288,0.07950944981552074,0.11119932616587017,0.09535438799069546,0.8888006738341302,0.9204905501844797,0.9046456120093049,0.09213766004274519,0.9078623399572548,0.05963294806492659,0.9403670519350733,preferred
KCHE,KCHEP,Kamchatskenergo,2009-11-03,2016-07-05,0.01941250992648584,0.9805874900735142,0.0003415790833303993,0.07028640500825942,0.035313992045794905,0.9297135949917406,0.9996584209166697,0.9646860079542051,0.019854400622752056,0.9801455993772479,0.7737173122704694,0.22628268772953058,common
KCHE,KCHEP,Kamchatskenergo,2010-06-07,2017-04-10,-0.02521271877737378,1.0252127187773739,0.0005149348144828285,0.14036256881094186,0.07043875181271235,0.859637431189058,0.9994850651855169,0.9295612481872875,0.032110447427989,0.967889552572011,0.9047087752019437,0.09529122479805632,common
KCHE,KCHEP,Kamchatskenergo,2011-02-01,2018-04-28,-0.8032715694060866,1.8032715694060866,0.000735642575958064,0.17180924561175195,0.08627244409385501,0.828190754388248,0.9992643574240421,0.9137275559061451,0.04281118746056627,0.9571888125394338,0.04299542552526888,0.9570045744747312,preferred
KCHE,KCHEP,Kamchatskenergo,2013-02-11,2019-01-23,-0.5892556707266836,1.5892556707266836,0.05482201686979841,0.10074715043704525,0.07778458365342183,0.8992528495629544,0.9451779831302015,0.9222154163465779,0.0037861784151126594,0.9962138215848874,0.04920284108465726,0.9507971589153428,preferred
KCHE,KCHEP,Kamchatskenergo,2016-07-06,2020-01-10,-8.350929170333034,9.350929170333034,0.002467684593804598,0.546661957913909,0.27456482125385684,0.4533380420860919,0.9975323154061957,0.7254351787461438,0.2128102909958816,0.7871897090041183,0.15226277740130073,0.8477372225986993,preferred
KCHE,KCHEP,Kamchatskenergo,2017-04-14,2020-08-24,0.6778169629676947,0.3221830370323052,0.26694850774145634,0.909940254256767,0.5884443809991117,0.09005974574323303,0.7330514922585435,0.4115556190008883,0.5809644950643599,0.41903550493564,0.3159518574343347,0.6840481425656654,preferred
KCHE,KCHEP,Kamchatskenergo,2018-04-30,2021-03-09,0.8306668015932311,0.1693331984067688,0.5267911700746389,0.9738369032875777,0.7503140366811083,0.02616309671242229,0.47320882992536084,0.24968596331889156,0.7914831779203655,0.20851682207963462,0.2728629981097848,0.7271370018902151,preferred
KCHE,KCHEP,Kamchatskenergo,2020-01-13,2022-05-17,-2.3440172142139315,3.3440172142139315,0.0005789893943462658,0.4811147107581376,0.24084685007624193,0.518885289241862,0.9994210106056535,0.7591531499237577,0.14969865055167858,0.8503013494483215,0.17002200660014044,0.8299779933998594,preferred
KCHE,KCHEP,Kamchatskenergo,2021-10-08,2023-12-13,-1.4594074336049676,2.4594074336049676,0.044868022830486055,0.3940534605438706,0.21946074168717833,0.6059465394561293,0.9551319771695141,0.7805392583128217,0.04496701766578023,0.9550329823342197,0.18334554874833742,0.8166544512516626,preferred
KCHE,KCHEP,Kamchatskenergo,2022-05-18,2024-06-13,-1.676179989816619,2.6761799898166188,0.005621285406717304,0.43939629994781454,0.22250879267726592,0.5606037000521854,0.9943787145932825,0.777491207322734,0.09435951847163444,0.9056404815283655,0.17272085953539992,0.8272791404646,preferred
MAGE,MAGEP,Magadanenergo,2010-11-12,2013-08-05,-0.15809067723492023,1.1580906772349202,0.013148173229475615,0.07797853338677416,0.04556335330812489,0.9220214666132258,0.9868518267705244,0.9544366466918751,0.004973109204077422,0.9950268907959225,0.10896891183085765,0.8910310881691424,preferred
MAGE,MAGEP,Magadanenergo,2011-06-28,2015-04-02,0.12732879620442575,0.8726712037955743,0.014049409499833784,0.1617990093157604,0.0879242094077971,0.8382009906842396,0.9859505905001662,0.9120757905922029,0.0648594298902151,0.9351405701097848,0.3038727452511872,0.6961272547488129,preferred
MAGE,MAGEP,Magadanenergo,2012-01-18,2016-01-26,0.06902295521748016,0.9309770447825199,0.0038880272380603627,0.13248296254526132,0.06818549489166084,0.8675170374547386,0.9961119727619394,0.9318145051083391,0.04325022004396754,0.9567497799560325,0.4934471643110743,0.5065528356889258,preferred
MAGE,MAGEP,Magadanenergo,2012-10-19,2016-11-25,-0.04761872969203164,1.0476187296920316,0.001695941033636298,0.06497708372152099,0.03333651237757864,0.935022916278479,0.9983040589663634,0.9666634876224212,0.010648807616844145,0.9893511923831558,0.36533172224943566,0.6346682777505643,preferred
MAGE,MAGEP,Magadanenergo,2013-08-06,2017-11-14,-0.20244836665077862,1.2024483666507786,0.020224542711184297,0.027272290363875643,0.02374841653752997,0.9727277096361241,0.9797754572888158,0.9762515834624699,1.7989405351938138e-07,0.9999998201059465,0.020449235651741993,0.979550764348258,preferred
MAGE,MAGEP,Magadanenergo,2021-06-18,2023-07-07,-0.342720552159183,1.342720552159183,0.034231678180999196,0.2618525230318994,0.1480421006064493,0.7381474769681009,0.9657683218190006,0.8519578993935508,0.02044787006612342,0.9795521299338765,0.3166942906884083,0.6833057093115917,preferred
SAGO,SAGOP,Samaraenergo,2003-07-21,2005-08-17,4.066343106103425,-3.0663431061034254,0.4654542082916315,0.8323122192539582,0.6488832137727948,0.167687780746042,0.5345457917083682,0.3511167862272051,0.6673065745229125,0.33269342547708747,0.6601024699463551,0.339897530053645,common
SAGO,SAGOP,Samaraenergo,2005-08-18,2013-06-04,0.6366746758892748,0.3633253241107251,0.12652032979847197,0.9575987253510888,0.5420595275747804,0.042401274648911406,0.8734796702015281,0.45794047242521974,0.5739401524392426,0.4260598475607575,0.31331919593764074,0.6866808040623593,preferred
SAGO,SAGOP,Samaraenergo,2006-02-20,2014-06-26,0.01770633110791808,0.9822936688920819,0.00010065773427513983,0.6636955049258235,0.33189808133004933,0.33630449507417653,0.9998993422657249,0.6681019186699507,0.2056293873847623,0.7943706126152377,0.9986851415082865,0.0013148584917135051,common
SAGO,SAGOP,Samaraenergo,2012-04-03,2015-08-28,0.5631742463186654,0.4368257536813346,0.31382376600284695,0.7810863515245805,0.5474550587637137,0.21891364847541933,0.686176233997153,0.4525449412362862,0.5445784125585978,0.45542158744140226,0.46821223338215706,0.531787766617843,preferred
SAGO,SAGOP,Samaraenergo,2012-10-19,2016-06-02,0.5702908762752085,0.42970912372479164,0.31576794844174366,0.7861582413768349,0.5509630949092893,0.213841758623165,0.6842320515582561,0.44903690509071054,0.5468334474296768,0.4531665525703232,0.46084271547030947,0.5391572845296906,preferred
SAGO,SAGOP,Samaraenergo,2013-06-05,2016-12-28,0.5055538170130831,0.4944461829869168,0.21658981484063283,0.7728514373369919,0.4947206260888124,0.22714856266300798,0.7834101851593671,0.5052793739111876,0.486659069589279,0.513340930410721,0.4783463214933199,0.5216536785066802,preferred
SAGO,SAGOP,Samaraenergo,2014-07-01,2017-09-14,0.4675194359620233,0.5324805640379767,0.15580112551321143,0.7879173685267811,0.47185924701999626,0.21208263147321896,0.8441988744867888,0.5281407529800038,0.4593270435662727,0.5406729564337274,0.5087108111563718,0.49128918884362827,common
SAGO,SAGOP,Samaraenergo,2015-09-02,2018-12-05,0.47485590454394916,0.5251440954560508,0.14285830814513886,0.824494764939795,0.48367653654246695,0.17550523506020482,0.857141691854861,0.5163234634575329,0.4772291080454187,0.5227708919545813,0.5176647586368583,0.4823352413631418,common
SAGO,SAGOP,Samaraenergo,2016-06-03,2019-09-30,0.4877793502610187,0.5122206497389813,0.1726404337566914,0.8299366528052349,0.5012885432809632,0.17006334719476515,0.8273595662433086,0.4987114567190369,0.5122776728799948,0.4877223271200052,0.5269969792022473,0.47300302079775275,common
SAGO,SAGOP,Samaraenergo,2016-12-29,2020-05-21,0.6196219160645337,0.38037808393546635,0.3444655720444716,0.8906656477311397,0.6175656098878056,0.10933435226886051,0.6555344279555284,0.3824343901121945,0.6558994731097058,0.34410052689029413,0.49564233075077474,0.5043576692492254,preferred
SAGO,SAGOP,Samaraenergo,2017-09-18,2020-11-24,0.6036350719020119,0.3963649280979881,0.31934271683341725,0.8921591006218973,0.6057509087276572,0.10784089937810275,0.6806572831665828,0.39424909127234276,0.6506683847987672,0.3493316152012329,0.5044256002873923,0.4955743997126077,common
SAGO,SAGOP,Samaraenergo,2018-12-11,2021-05-25,0.5116471667215994,0.48835283327840073,0.2546020167454916,0.8128287376468014,0.5337153771961465,0.18717126235319856,0.7453979832545082,0.4662846228038534,0.5570262905436586,0.44297370945634146,0.5441196407558331,0.4558803592441668,common
SAGO,SAGOP,Samaraenergo,2020-05-22,2022-07-06,-0.4684965540374422,1.4684965540374422,0.10915469052666314,0.11240074573030924,0.11077771812848619,0.8875992542696908,0.8908453094733367,0.8892222818715138,0.0003710585204533241,0.9996289414795466,0.13230712963837424,0.8676928703616258,preferred
SAGO,SAGOP,Samaraenergo,2020-11-25,2022-12-29,-0.13792470053517275,1.1379247005351727,0.010977812324208153,0.19076030585454531,0.10086905908937674,0.8092396941454546,0.9890221876757922,0.8991309409106234,0.027899124037732988,0.972100875962267,0.4614010085104608,0.5385989914895392,preferred
SAGO,SAGOP,Samaraenergo,2021-05-26,2023-06-30,0.6338280096136071,0.3661719903863929,0.2104578265303236,0.9303857274038236,0.5704217769670736,0.06961427259617664,0.7895421734696764,0.4295782230329265,0.6049911899724038,0.39500881002759625,0.37046916904928073,0.6295308309507192,preferred
SAGO,SAGOP,Samaraenergo,2021-11-26,2023-12-22,-0.01080279721737251,1.0108027972173725,5.9550152023262106e-05,0.5453393762306211,0.2726994631913222,0.4546606237693789,0.999940449847977,0.727300536808678,0.17135391590847487,0.8286460840915252,0.9991882054588092,0.0008117945411908349,common
SAGO,SAGOP,Samaraenergo,2022-07-07,2024-06-24,0.427956780126525,0.572043219873475,0.08397573837724377,0.8613659002416627,0.47267081930945326,0.13863409975833735,0.9160242616227563,0.5273291806905468,0.4657561126682295,0.5342438873317704,0.5894115071875883,0.4105884928124117,common
YKEN,YKENP,Yakutskenergo,2008-09-23,2010-12-09,1.0406529514174163,-0.040652951417416185,0.9791389815966918,0.9944336514918544,0.9867863165442731,0.00556634850814552,0.020861018403308507,0.013213683455727014,0.9950920426678572,0.004907957332142761,0.8948564553209143,0.10514354467908578,common
YKEN,YKENP,Yakutskenergo,2009-06-16,2011-06-21,0.8237719475129939,0.17622805248700613,0.5542726113025648,0.9591429660524486,0.7567077886775067,0.04085703394755098,0.44572738869743517,0.24329221132249307,0.7707470426295394,0.22925295737046056,0.30686821053546093,0.6931317894645391,preferred
YKEN,YKENP,Yakutskenergo,2009-12-09,2011-12-22,0.8742216808232325,0.1257783191767675,0.585701097917457,0.9831492118873407,0.7844251549023988,0.016850788112659314,0.41429890208254305,0.2155748450976012,0.8195468730241103,0.18045312697588958,0.2151191292402522,0.7848808707597479,preferred
YKEN,YKENP,Yakutskenergo,2010-06-17,2012-07-20,0.7447295125823147,0.25527048741768527,0.579998330431466,0.8911631846460807,0.7355807575387734,0.10883681535391931,0.420001669568534,0.26441924246122667,0.7335785264669156,0.2664214735330844,0.47623147123472037,0.5237685287652796,preferred
YKEN,YKENP,Yakutskenergo,2010-12-10,2013-01-31,0.7021590152125123,0.2978409847874877,0.46772181930983425,0.8830460299047028,0.6753839246072686,0.1169539700952972,0.532278180690166,0.3246160753927316,0.6784185037967205,0.32158149620327947,0.43784219015305975,0.5621578098469402,preferred
YKEN,YKENP,Yakutskenergo,2011-06-22,2014-01-17,0.7243268333115087,0.2756731666884912,0.5247354138602968,0.8868929162858139,0.7058141650730554,0.11310708371418599,0.47526458613970307,0.2941858349269445,0.7062379041116049,0.293762095888395,0.45468150785316985,0.5453184921468301,preferred
YKEN,YKENP,Yakutskenergo,2011-12-23,2015-03-03,0.5453930069417184,0.4546069930582816,0.32247938821758465,0.6998439150295772,0.511161651623581,0.30015608497042273,0.6775206117824151,0.48883834837641893,0.49775385563859864,0.5022461443614014,0.4317195992280156,0.5682804007719845,preferred
YKEN,YKENP,Yakutskenergo,2012-07-23,2016-01-28,0.3929826236952527,0.6070173763047474,0.15226047752935085,0.5398080126206579,0.34603424507500435,0.4601919873793423,0.8477395224706492,0.6539657549249958,0.31912971731153716,0.6808702826884627,0.40048361645568603,0.5995163835443141,preferred
YKEN,YKENP,Yakutskenergo,2013-02-01,2016-08-11,0.34583689639547455,0.6541631036045256,0.12008399093356219,0.5105485890578199,0.315316289995691,0.48945141094218003,0.8799160090664379,0.6846837100043089,0.28901640312837157,0.7109835968716285,0.4314389612355466,0.5685610387644534,preferred
YKEN,YKENP,Yakutskenergo,2014-01-20,2017-02-08,0.27783431528983493,0.7221656847101651,0.0730864941064776,0.5091217411463361,0.29110411762640687,0.49087825885366404,0.9269135058935225,0.7088958823735932,0.259525174994267,0.740474825005733,0.5325548677213755,0.46744513227862455,common
YKEN,YKENP,Yakutskenergo,2015-03-04,2017-09-04,0.14364715797953206,0.8563528420204679,0.01688581245828902,0.4924442741543671,0.25466504330632805,0.507555725845633,0.9831141875417106,0.7453349566936718,0.20359149172611934,0.7964085082738807,0.8057888525702479,0.19421114742975218,common
YKEN,YKENP,Yakutskenergo,2016-01-29,2018-03-29,-0.03842176679873072,1.0384217667987308,0.0011214258997585076,0.4255607558680362,0.21334109088389736,0.5744392441319639,0.9988785741002416,0.7866589091161027,0.13287199081550854,0.8671280091844914,0.9817265089963748,0.018273491003625252,common
YKEN,YKENP,Yakutskenergo,2016-08-12,2018-11-07,0.27832284103911703,0.7216771589608829,0.04624542748480663,0.721357940534069,0.3838016840094378,0.27864205946593124,0.9537545725151936,0.6161983159905624,0.34450113071511973,0.6554988692848803,0.7228627581812871,0.27713724181871296,common
YKEN,YKENP,Yakutskenergo,2017-02-09,2019-05-28,0.5279603808974268,0.4720396191025731,0.1998833581223198,0.8412144701729306,0.5205489141476252,0.1587855298270694,0.8001166418776801,0.4794510858523747,0.5273774982385862,0.4726225017614138,0.48514620035851513,0.514853799641485,preferred
YKEN,YKENP,Yakutskenergo,2017-09-06,2019-12-12,0.6304176641716333,0.36958233582836675,0.2856477441583894,0.8946425748251721,0.5901451594917807,0.10535742517482781,0.7143522558416106,0.4098548405082192,0.6095425577094921,0.3904574422905079,0.4160798524143969,0.5839201475856032,preferred
YKEN,YKENP,Yakutskenergo,2018-03-30,2020-06-22,0.7158476794275151,0.2841523205724849,0.3180346762019241,0.943882025317262,0.6309583507595931,0.05611797468273785,0.681965323798076,0.3690416492404069,0.6659355701632517,0.3340644298367484,0.3153438200499743,0.6846561799500257,preferred
YKEN,YKENP,Yakutskenergo,2018-11-08,2020-12-18,0.5071561016637149,0.492843898336285,0.16241565793243046,0.8239048581392607,0.4931602580358456,0.17609514186073916,0.8375843420675693,0.5068397419641542,0.47783609519455256,0.5221639048054475,0.4720356944062681,0.5279643055937319,preferred
YKEN,YKENP,Yakutskenergo,2019-05-29,2021-06-18,0.6145438686034177,0.38545613139658236,0.28041986897494875,0.883344911362097,0.5818823901685228,0.11665508863790296,0.719580131025051,0.418117609831477,0.5992735139022136,0.4007264860977864,0.43244201641124386,0.567557983588756,preferred
YKEN,YKENP,Yakutskenergo,2019-12-16,2021-12-13,0.692026761848285,0.30797323815171485,0.3277432110706968,0.9307965454965742,0.6292698782836355,0.069203454503426,0.6722567889293032,0.3707301217163646,0.6628449771671618,0.33715502283283827,0.36330413898900776,0.6366958610109922,preferred
YKEN,YKENP,Yakutskenergo,2020-06-23,2022-07-19,1.0738966805893297,-0.07389668058932988,0.5461585725897855,0.997186977736077,0.7716727751629313,0.0028130222639228953,0.4538414274102146,0.22832722483706874,0.8812276920092157,0.11877230799078436,0.05130979038437228,0.9486902096156277,preferred
YKEN,YKENP,Yakutskenergo,2020-12-21,2023-01-17,1.2406826575390255,-0.24068265753902549,0.6499515954109797,0.9751699940351083,0.812560794723044,0.02483000596489199,0.3500484045890205,0.18743920527695623,0.9439568003630422,0.056043199636957815,0.41425492409089454,0.5857450759091054,preferred
YKEN,YKENP,Yakutskenergo,2021-06-21,2023-07-18,0.51956156081754,0.48043843918246,0.1323893958083416,0.8885169275926452,0.5104531617004934,0.1114830724073546,0.8676106041916584,0.48954683829950646,0.5177327696337932,0.4822672303662068,0.48177434779431566,0.5182256522056844,preferred
